,Person,Group,Item,Threshold,Response
0,Person_2,Group_1,Item_1,Threshold_1,0.0
1,Person_6,Group_2,Item_1,Threshold_1,0.0
2,Person_12,Group_1,Item_1,Threshold_1,0.0
3,Person_13,Group_1,Item_1,Threshold_1,1.0
4,Person_14,Group_2,Item_1,Threshold_1,0.0
5,Person_19,Group_2,Item_1,Threshold_1,1.0
6,Person_20,Group_1,Item_1,Threshold_1,1.0
7,Person_21,Group_2,Item_1,Threshold_1,0.0
8,Person_24,Group_1,Item_1,Threshold_1,0.0
9,Person_27,Group_1,Item_1,Threshold_1,1.0
10,Person_29,Group_1,Item_1,Threshold_1,0.0
11,Person_30,Group_2,Item_1,Threshold_1,1.0
12,Person_33,Group_1,Item_1,Threshold_1,1.0
13,Person_38,Group_1,Item_1,Threshold_1,0.0
14,Person_41,Group_1,Item_1,Threshold_1,0.0
15,Person_45,Group_2,Item_1,Threshold_1,0.0
16,Person_47,Group_1,Item_1,Threshold_1,0.0
17,Person_55,Group_2,Item_1,Threshold_1,0.0
18,Person_57,Group_1,Item_1,Threshold_1,0.0
19,Person_62,Group_2,Item_1,Threshold_1,0.0
20,Person_67,Group_2,Item_1,Threshold_1,1.0
21,Person_69,Group_1,Item_1,Threshold_1,0.0
22,Person_70,Group_1,Item_1,Threshold_1,0.0
23,Person_75,Group_2,Item_1,Threshold_1,1.0
24,Person_79,Group_2,Item_1,Threshold_1,0.0
25,Person_80,Group_1,Item_1,Threshold_1,0.0
26,Person_81,Group_1,Item_1,Threshold_1,0.0
27,Person_82,Group_1,Item_1,Threshold_1,0.0
28,Person_83,Group_2,Item_1,Threshold_1,1.0
29,Person_86,Group_1,Item_1,Threshold_1,1.0
30,Person_89,Group_1,Item_1,Threshold_1,0.0
31,Person_92,Group_2,Item_1,Threshold_1,0.0
32,Person_93,Group_2,Item_1,Threshold_1,0.0
33,Person_95,Group_2,Item_1,Threshold_1,0.0
34,Person_96,Group_1,Item_1,Threshold_1,1.0
35,Person_97,Group_1,Item_1,Threshold_1,0.0
36,Person_104,Group_2,Item_1,Threshold_1,0.0
37,Person_106,Group_1,Item_1,Threshold_1,1.0
38,Person_108,Group_2,Item_1,Threshold_1,0.0
39,Person_109,Group_2,Item_1,Threshold_1,0.0
40,Person_110,Group_1,Item_1,Threshold_1,0.0
41,Person_114,Group_1,Item_1,Threshold_1,0.0
42,Person_115,Group_1,Item_1,Threshold_1,1.0
43,Person_116,Group_1,Item_1,Threshold_1,1.0
44,Person_118,Group_1,Item_1,Threshold_1,0.0
45,Person_119,Group_2,Item_1,Threshold_1,0.0
46,Person_121,Group_1,Item_1,Threshold_1,0.0
47,Person_122,Group_1,Item_1,Threshold_1,0.0
48,Person_123,Group_1,Item_1,Threshold_1,0.0
49,Person_126,Group_2,Item_1,Threshold_1,0.0
50,Person_128,Group_2,Item_1,Threshold_1,0.0
51,Person_129,Group_1,Item_1,Threshold_1,0.0
52,Person_138,Group_2,Item_1,Threshold_1,0.0
53,Person_141,Group_2,Item_1,Threshold_1,0.0
54,Person_13,Group_2,Item_1,Threshold_2,0.0
55,Person_19,Group_1,Item_1,Threshold_2,0.0
56,Person_20,Group_1,Item_1,Threshold_2,0.0
57,Person_27,Group_2,Item_1,Threshold_2,0.0
58,Person_30,Group_1,Item_1,Threshold_2,0.0
59,Person_33,Group_1,Item_1,Threshold_2,0.0
60,Person_48,Group_2,Item_1,Threshold_2,1.0
61,Person_56,Group_2,Item_1,Threshold_2,1.0
62,Person_58,Group_2,Item_1,Threshold_2,1.0
63,Person_59,Group_1,Item_1,Threshold_2,1.0
64,Person_65,Group_2,Item_1,Threshold_2,1.0
65,Person_67,Group_1,Item_1,Threshold_2,0.0
66,Person_71,Group_2,Item_1,Threshold_2,1.0
67,Person_72,Group_2,Item_1,Threshold_2,1.0
68,Person_75,Group_1,Item_1,Threshold_2,0.0
69,Person_77,Group_2,Item_1,Threshold_2,1.0
70,Person_83,Group_1,Item_1,Threshold_2,0.0
71,Person_86,Group_1,Item_1,Threshold_2,0.0
72,Person_96,Group_1,Item_1,Threshold_2,0.0
73,Person_101,Group_1,Item_1,Threshold_2,1.0
74,Person_102,Group_1,Item_1,Threshold_2,1.0
75,Person_106,Group_1,Item_1,Threshold_2,0.0
76,Person_111,Group_1,Item_1,Threshold_2,1.0
77,Person_112,Group_2,Item_1,Threshold_2,1.0
78,Person_115,Group_2,Item_1,Threshold_2,0.0
79,Person_116,Group_1,Item_1,Threshold_2,0.0
80,Person_117,Group_1,Item_1,Threshold_2,1.0
81,Person_1,Group_1,Item_1,Threshold_3,1.0
82,Person_4,Group_1,Item_1,Threshold_3,1.0
83,Person_7,Group_2,Item_1,Threshold_3,1.0
84,Person_10,Group_1,Item_1,Threshold_3,1.0
85,Person_16,Group_1,Item_1,Threshold_3,1.0
86,Person_34,Group_2,Item_1,Threshold_3,1.0
87,Person_35,Group_2,Item_1,Threshold_3,1.0
88,Person_40,Group_2,Item_1,Threshold_3,1.0
89,Person_43,Group_2,Item_1,Threshold_3,1.0
90,Person_48,Group_1,Item_1,Threshold_3,0.0
91,Person_49,Group_1,Item_1,Threshold_3,1.0
92,Person_54,Group_1,Item_1,Threshold_3,1.0
93,Person_56,Group_1,Item_1,Threshold_3,0.0
94,Person_58,Group_2,Item_1,Threshold_3,0.0
95,Person_59,Group_1,Item_1,Threshold_3,0.0
96,Person_64,Group_1,Item_1,Threshold_3,1.0
97,Person_65,Group_2,Item_1,Threshold_3,0.0
98,Person_71,Group_2,Item_1,Threshold_3,0.0
99,Person_72,Group_1,Item_1,Threshold_3,0.0
100,Person_77,Group_2,Item_1,Threshold_3,0.0
101,Person_88,Group_1,Item_1,Threshold_3,1.0
102,Person_91,Group_1,Item_1,Threshold_3,1.0
103,Person_101,Group_1,Item_1,Threshold_3,0.0
104,Person_102,Group_1,Item_1,Threshold_3,0.0
105,Person_111,Group_2,Item_1,Threshold_3,0.0
106,Person_112,Group_1,Item_1,Threshold_3,0.0
107,Person_117,Group_2,Item_1,Threshold_3,0.0
108,Person_124,Group_2,Item_1,Threshold_3,1.0
109,Person_127,Group_1,Item_1,Threshold_3,1.0
110,Person_133,Group_2,Item_1,Threshold_3,1.0
111,Person_135,Group_2,Item_1,Threshold_3,1.0
112,Person_140,Group_1,Item_1,Threshold_3,1.0
113,Person_1,Group_2,Item_1,Threshold_4,0.0
114,Person_3,Group_2,Item_1,Threshold_4,1.0
115,Person_4,Group_2,Item_1,Threshold_4,0.0
116,Person_5,Group_2,Item_1,Threshold_4,1.0
117,Person_7,Group_1,Item_1,Threshold_4,0.0
118,Person_8,Group_2,Item_1,Threshold_4,1.0
119,Person_9,Group_1,Item_1,Threshold_4,1.0
120,Person_10,Group_2,Item_1,Threshold_4,0.0
121,Person_11,Group_1,Item_1,Threshold_4,1.0
122,Person_15,Group_1,Item_1,Threshold_4,1.0
123,Person_16,Group_1,Item_1,Threshold_4,0.0
124,Person_17,Group_1,Item_1,Threshold_4,1.0
125,Person_18,Group_2,Item_1,Threshold_4,1.0
126,Person_22,Group_1,Item_1,Threshold_4,1.0
127,Person_23,Group_1,Item_1,Threshold_4,1.0
128,Person_25,Group_1,Item_1,Threshold_4,1.0
129,Person_26,Group_2,Item_1,Threshold_4,1.0
130,Person_28,Group_2,Item_1,Threshold_4,1.0
131,Person_31,Group_1,Item_1,Threshold_4,1.0
132,Person_32,Group_2,Item_1,Threshold_4,1.0
133,Person_34,Group_2,Item_1,Threshold_4,0.0
134,Person_35,Group_2,Item_1,Threshold_4,0.0
135,Person_36,Group_2,Item_1,Threshold_4,1.0
136,Person_37,Group_1,Item_1,Threshold_4,1.0
137,Person_39,Group_1,Item_1,Threshold_4,1.0
138,Person_40,Group_1,Item_1,Threshold_4,0.0
139,Person_42,Group_2,Item_1,Threshold_4,1.0
140,Person_43,Group_1,Item_1,Threshold_4,0.0
141,Person_44,Group_1,Item_1,Threshold_4,1.0
142,Person_46,Group_2,Item_1,Threshold_4,1.0
143,Person_49,Group_1,Item_1,Threshold_4,0.0
144,Person_50,Group_2,Item_1,Threshold_4,1.0
145,Person_51,Group_1,Item_1,Threshold_4,1.0
146,Person_52,Group_2,Item_1,Threshold_4,1.0
147,Person_53,Group_1,Item_1,Threshold_4,1.0
148,Person_54,Group_1,Item_1,Threshold_4,0.0
149,Person_60,Group_1,Item_1,Threshold_4,1.0
150,Person_61,Group_1,Item_1,Threshold_4,1.0
151,Person_63,Group_1,Item_1,Threshold_4,1.0
152,Person_64,Group_2,Item_1,Threshold_4,0.0
153,Person_66,Group_1,Item_1,Threshold_4,1.0
154,Person_68,Group_2,Item_1,Threshold_4,1.0
155,Person_73,Group_1,Item_1,Threshold_4,1.0
156,Person_74,Group_2,Item_1,Threshold_4,1.0
157,Person_76,Group_2,Item_1,Threshold_4,1.0
158,Person_78,Group_1,Item_1,Threshold_4,1.0
159,Person_84,Group_1,Item_1,Threshold_4,1.0
160,Person_85,Group_1,Item_1,Threshold_4,1.0
161,Person_87,Group_2,Item_1,Threshold_4,1.0
162,Person_88,Group_2,Item_1,Threshold_4,0.0
163,Person_90,Group_2,Item_1,Threshold_4,1.0
164,Person_91,Group_2,Item_1,Threshold_4,0.0
165,Person_94,Group_1,Item_1,Threshold_4,1.0
166,Person_98,Group_1,Item_1,Threshold_4,1.0
167,Person_99,Group_1,Item_1,Threshold_4,1.0
168,Person_100,Group_1,Item_1,Threshold_4,1.0
169,Person_103,Group_2,Item_1,Threshold_4,1.0
170,Person_105,Group_2,Item_1,Threshold_4,1.0
171,Person_107,Group_1,Item_1,Threshold_4,1.0
172,Person_113,Group_1,Item_1,Threshold_4,1.0
173,Person_120,Group_1,Item_1,Threshold_4,1.0
174,Person_124,Group_1,Item_1,Threshold_4,0.0
175,Person_125,Group_2,Item_1,Threshold_4,1.0
176,Person_127,Group_2,Item_1,Threshold_4,0.0
177,Person_130,Group_1,Item_1,Threshold_4,1.0
178,Person_131,Group_1,Item_1,Threshold_4,1.0
179,Person_132,Group_1,Item_1,Threshold_4,1.0
180,Person_133,Group_2,Item_1,Threshold_4,0.0
181,Person_134,Group_1,Item_1,Threshold_4,1.0
182,Person_135,Group_2,Item_1,Threshold_4,0.0
183,Person_136,Group_1,Item_1,Threshold_4,1.0
184,Person_137,Group_2,Item_1,Threshold_4,1.0
185,Person_139,Group_1,Item_1,Threshold_4,1.0
186,Person_140,Group_1,Item_1,Threshold_4,0.0
187,Person_2,Group_1,Item_2,Threshold_1,0.0
188,Person_5,Group_2,Item_2,Threshold_1,0.0
189,Person_6,Group_2,Item_2,Threshold_1,0.0
190,Person_12,Group_1,Item_2,Threshold_1,0.0
191,Person_13,Group_1,Item_2,Threshold_1,0.0
192,Person_14,Group_1,Item_2,Threshold_1,0.0
193,Person_16,Group_1,Item_2,Threshold_1,1.0
194,Person_19,Group_2,Item_2,Threshold_1,0.0
195,Person_20,Group_1,Item_2,Threshold_1,0.0
196,Person_21,Group_2,Item_2,Threshold_1,0.0
197,Person_24,Group_1,Item_2,Threshold_1,0.0
198,Person_27,Group_1,Item_2,Threshold_1,0.0
199,Person_29,Group_1,Item_2,Threshold_1,0.0
200,Person_30,Group_1,Item_2,Threshold_1,1.0
201,Person_31,Group_2,Item_2,Threshold_1,1.0
202,Person_33,Group_2,Item_2,Threshold_1,0.0
203,Person_34,Group_2,Item_2,Threshold_1,1.0
204,Person_38,Group_2,Item_2,Threshold_1,0.0
205,Person_41,Group_2,Item_2,Threshold_1,0.0
206,Person_43,Group_1,Item_2,Threshold_1,1.0
207,Person_45,Group_2,Item_2,Threshold_1,0.0
208,Person_47,Group_1,Item_2,Threshold_1,0.0
209,Person_48,Group_1,Item_2,Threshold_1,1.0
210,Person_54,Group_1,Item_2,Threshold_1,1.0
211,Person_55,Group_2,Item_2,Threshold_1,0.0
212,Person_56,Group_1,Item_2,Threshold_1,0.0
213,Person_57,Group_1,Item_2,Threshold_1,0.0
214,Person_58,Group_2,Item_2,Threshold_1,0.0
215,Person_62,Group_1,Item_2,Threshold_1,0.0
216,Person_67,Group_2,Item_2,Threshold_1,0.0
217,Person_69,Group_1,Item_2,Threshold_1,0.0
218,Person_70,Group_1,Item_2,Threshold_1,0.0
219,Person_71,Group_2,Item_2,Threshold_1,0.0
220,Person_72,Group_1,Item_2,Threshold_1,0.0
221,Person_75,Group_1,Item_2,Threshold_1,1.0
222,Person_77,Group_2,Item_2,Threshold_1,0.0
223,Person_79,Group_1,Item_2,Threshold_1,1.0
224,Person_80,Group_1,Item_2,Threshold_1,0.0
225,Person_81,Group_2,Item_2,Threshold_1,0.0
226,Person_82,Group_1,Item_2,Threshold_1,1.0
227,Person_83,Group_2,Item_2,Threshold_1,0.0
228,Person_85,Group_1,Item_2,Threshold_1,1.0
229,Person_86,Group_2,Item_2,Threshold_1,1.0
230,Person_88,Group_2,Item_2,Threshold_1,1.0
231,Person_89,Group_1,Item_2,Threshold_1,0.0
232,Person_91,Group_1,Item_2,Threshold_1,0.0
233,Person_92,Group_1,Item_2,Threshold_1,0.0
234,Person_93,Group_1,Item_2,Threshold_1,0.0
235,Person_95,Group_1,Item_2,Threshold_1,0.0
236,Person_96,Group_1,Item_2,Threshold_1,0.0
237,Person_97,Group_2,Item_2,Threshold_1,1.0
238,Person_101,Group_1,Item_2,Threshold_1,0.0
239,Person_102,Group_1,Item_2,Threshold_1,1.0
240,Person_104,Group_1,Item_2,Threshold_1,0.0
241,Person_106,Group_2,Item_2,Threshold_1,0.0
242,Person_107,Group_1,Item_2,Threshold_1,1.0
243,Person_108,Group_2,Item_2,Threshold_1,0.0
244,Person_109,Group_2,Item_2,Threshold_1,0.0
245,Person_110,Group_2,Item_2,Threshold_1,0.0
246,Person_111,Group_1,Item_2,Threshold_1,1.0
247,Person_112,Group_2,Item_2,Threshold_1,0.0
248,Person_114,Group_2,Item_2,Threshold_1,0.0
249,Person_115,Group_1,Item_2,Threshold_1,0.0
250,Person_116,Group_2,Item_2,Threshold_1,1.0
251,Person_117,Group_2,Item_2,Threshold_1,1.0
252,Person_118,Group_1,Item_2,Threshold_1,0.0
253,Person_119,Group_1,Item_2,Threshold_1,0.0
254,Person_121,Group_1,Item_2,Threshold_1,0.0
255,Person_122,Group_1,Item_2,Threshold_1,0.0
256,Person_123,Group_2,Item_2,Threshold_1,0.0
257,Person_125,Group_2,Item_2,Threshold_1,1.0
258,Person_126,Group_1,Item_2,Threshold_1,0.0
259,Person_127,Group_2,Item_2,Threshold_1,0.0
260,Person_128,Group_1,Item_2,Threshold_1,0.0
261,Person_129,Group_2,Item_2,Threshold_1,0.0
262,Person_135,Group_1,Item_2,Threshold_1,0.0
263,Person_138,Group_1,Item_2,Threshold_1,0.0
264,Person_141,Group_2,Item_2,Threshold_1,1.0
265,Person_1,Group_2,Item_2,Threshold_2,1.0
266,Person_4,Group_2,Item_2,Threshold_2,1.0
267,Person_7,Group_1,Item_2,Threshold_2,1.0
268,Person_8,Group_1,Item_2,Threshold_2,1.0
269,Person_10,Group_2,Item_2,Threshold_2,1.0
270,Person_16,Group_1,Item_2,Threshold_2,0.0
271,Person_23,Group_2,Item_2,Threshold_2,1.0
272,Person_30,Group_1,Item_2,Threshold_2,0.0
273,Person_31,Group_1,Item_2,Threshold_2,0.0
274,Person_34,Group_2,Item_2,Threshold_2,0.0
275,Person_36,Group_1,Item_2,Threshold_2,1.0
276,Person_37,Group_2,Item_2,Threshold_2,1.0
277,Person_43,Group_2,Item_2,Threshold_2,0.0
278,Person_48,Group_2,Item_2,Threshold_2,0.0
279,Person_49,Group_2,Item_2,Threshold_2,1.0
280,Person_54,Group_1,Item_2,Threshold_2,0.0
281,Person_59,Group_1,Item_2,Threshold_2,1.0
282,Person_60,Group_1,Item_2,Threshold_2,1.0
283,Person_65,Group_1,Item_2,Threshold_2,1.0
284,Person_68,Group_1,Item_2,Threshold_2,1.0
285,Person_75,Group_2,Item_2,Threshold_2,0.0
286,Person_79,Group_2,Item_2,Threshold_2,0.0
287,Person_82,Group_1,Item_2,Threshold_2,0.0
288,Person_85,Group_2,Item_2,Threshold_2,0.0
289,Person_86,Group_2,Item_2,Threshold_2,0.0
290,Person_88,Group_2,Item_2,Threshold_2,0.0
291,Person_97,Group_1,Item_2,Threshold_2,0.0
292,Person_99,Group_2,Item_2,Threshold_2,1.0
293,Person_102,Group_2,Item_2,Threshold_2,0.0
294,Person_107,Group_1,Item_2,Threshold_2,0.0
295,Person_111,Group_1,Item_2,Threshold_2,0.0
296,Person_116,Group_1,Item_2,Threshold_2,0.0
297,Person_117,Group_1,Item_2,Threshold_2,0.0
298,Person_120,Group_2,Item_2,Threshold_2,1.0
299,Person_124,Group_1,Item_2,Threshold_2,1.0
300,Person_125,Group_1,Item_2,Threshold_2,0.0
301,Person_133,Group_1,Item_2,Threshold_2,1.0
302,Person_141,Group_1,Item_2,Threshold_2,0.0
303,Person_1,Group_2,Item_2,Threshold_3,0.0
304,Person_4,Group_2,Item_2,Threshold_3,0.0
305,Person_7,Group_2,Item_2,Threshold_3,0.0
306,Person_8,Group_2,Item_2,Threshold_3,0.0
307,Person_9,Group_1,Item_2,Threshold_3,1.0
308,Person_10,Group_1,Item_2,Threshold_3,0.0
309,Person_23,Group_2,Item_2,Threshold_3,0.0
310,Person_35,Group_2,Item_2,Threshold_3,1.0
311,Person_36,Group_2,Item_2,Threshold_3,0.0
312,Person_37,Group_1,Item_2,Threshold_3,0.0
313,Person_39,Group_2,Item_2,Threshold_3,1.0
314,Person_44,Group_2,Item_2,Threshold_3,1.0
315,Person_49,Group_2,Item_2,Threshold_3,0.0
316,Person_59,Group_2,Item_2,Threshold_3,0.0
317,Person_60,Group_2,Item_2,Threshold_3,0.0
318,Person_63,Group_1,Item_2,Threshold_3,1.0
319,Person_64,Group_1,Item_2,Threshold_3,1.0
320,Person_65,Group_1,Item_2,Threshold_3,0.0
321,Person_68,Group_2,Item_2,Threshold_3,0.0
322,Person_73,Group_2,Item_2,Threshold_3,1.0
323,Person_74,Group_1,Item_2,Threshold_3,1.0
324,Person_87,Group_2,Item_2,Threshold_3,1.0
325,Person_99,Group_1,Item_2,Threshold_3,0.0
326,Person_120,Group_1,Item_2,Threshold_3,0.0
327,Person_124,Group_2,Item_2,Threshold_3,0.0
328,Person_131,Group_1,Item_2,Threshold_3,1.0
329,Person_133,Group_2,Item_2,Threshold_3,0.0
330,Person_3,Group_1,Item_2,Threshold_4,1.0
331,Person_9,Group_1,Item_2,Threshold_4,0.0
332,Person_11,Group_2,Item_2,Threshold_4,1.0
333,Person_15,Group_1,Item_2,Threshold_4,1.0
334,Person_17,Group_2,Item_2,Threshold_4,1.0
335,Person_18,Group_1,Item_2,Threshold_4,1.0
336,Person_22,Group_1,Item_2,Threshold_4,1.0
337,Person_25,Group_1,Item_2,Threshold_4,1.0
338,Person_26,Group_2,Item_2,Threshold_4,1.0
339,Person_28,Group_2,Item_2,Threshold_4,1.0
340,Person_32,Group_1,Item_2,Threshold_4,1.0
341,Person_35,Group_2,Item_2,Threshold_4,0.0
342,Person_39,Group_2,Item_2,Threshold_4,0.0
343,Person_40,Group_1,Item_2,Threshold_4,1.0
344,Person_42,Group_1,Item_2,Threshold_4,1.0
345,Person_44,Group_2,Item_2,Threshold_4,0.0
346,Person_46,Group_2,Item_2,Threshold_4,1.0
347,Person_50,Group_2,Item_2,Threshold_4,1.0
348,Person_51,Group_2,Item_2,Threshold_4,1.0
349,Person_52,Group_1,Item_2,Threshold_4,1.0
350,Person_53,Group_1,Item_2,Threshold_4,1.0
351,Person_61,Group_1,Item_2,Threshold_4,1.0
352,Person_63,Group_1,Item_2,Threshold_4,0.0
353,Person_64,Group_2,Item_2,Threshold_4,0.0
354,Person_66,Group_1,Item_2,Threshold_4,1.0
355,Person_73,Group_1,Item_2,Threshold_4,0.0
356,Person_74,Group_1,Item_2,Threshold_4,0.0
357,Person_76,Group_2,Item_2,Threshold_4,1.0
358,Person_78,Group_2,Item_2,Threshold_4,1.0
359,Person_84,Group_2,Item_2,Threshold_4,1.0
360,Person_87,Group_2,Item_2,Threshold_4,0.0
361,Person_90,Group_2,Item_2,Threshold_4,1.0
362,Person_94,Group_2,Item_2,Threshold_4,1.0
363,Person_98,Group_2,Item_2,Threshold_4,1.0
364,Person_100,Group_1,Item_2,Threshold_4,1.0
365,Person_103,Group_2,Item_2,Threshold_4,1.0
366,Person_105,Group_1,Item_2,Threshold_4,1.0
367,Person_113,Group_1,Item_2,Threshold_4,1.0
368,Person_130,Group_1,Item_2,Threshold_4,1.0
369,Person_131,Group_1,Item_2,Threshold_4,0.0
370,Person_132,Group_1,Item_2,Threshold_4,1.0
371,Person_134,Group_1,Item_2,Threshold_4,1.0
372,Person_136,Group_2,Item_2,Threshold_4,1.0
373,Person_137,Group_1,Item_2,Threshold_4,1.0
374,Person_139,Group_2,Item_2,Threshold_4,1.0
375,Person_140,Group_2,Item_2,Threshold_4,1.0
376,Person_2,Group_2,Item_3,Threshold_1,0.0
377,Person_6,Group_2,Item_3,Threshold_1,1.0
378,Person_12,Group_2,Item_3,Threshold_1,0.0
379,Person_13,Group_2,Item_3,Threshold_1,0.0
380,Person_14,Group_2,Item_3,Threshold_1,1.0
381,Person_20,Group_2,Item_3,Threshold_1,0.0
382,Person_21,Group_1,Item_3,Threshold_1,0.0
383,Person_24,Group_1,Item_3,Threshold_1,0.0
384,Person_29,Group_1,Item_3,Threshold_1,0.0
385,Person_30,Group_1,Item_3,Threshold_1,1.0
386,Person_33,Group_2,Item_3,Threshold_1,1.0
387,Person_38,Group_2,Item_3,Threshold_1,0.0
388,Person_45,Group_2,Item_3,Threshold_1,0.0
389,Person_47,Group_1,Item_3,Threshold_1,0.0
390,Person_48,Group_1,Item_3,Threshold_1,1.0
391,Person_55,Group_1,Item_3,Threshold_1,0.0
392,Person_56,Group_2,Item_3,Threshold_1,1.0
393,Person_57,Group_2,Item_3,Threshold_1,0.0
394,Person_62,Group_2,Item_3,Threshold_1,0.0
395,Person_67,Group_1,Item_3,Threshold_1,0.0
396,Person_69,Group_1,Item_3,Threshold_1,0.0
397,Person_70,Group_2,Item_3,Threshold_1,0.0
398,Person_71,Group_2,Item_3,Threshold_1,1.0
399,Person_75,Group_2,Item_3,Threshold_1,1.0
400,Person_79,Group_2,Item_3,Threshold_1,1.0
401,Person_80,Group_2,Item_3,Threshold_1,1.0
402,Person_81,Group_1,Item_3,Threshold_1,0.0
403,Person_82,Group_1,Item_3,Threshold_1,0.0
404,Person_83,Group_2,Item_3,Threshold_1,0.0
405,Person_89,Group_2,Item_3,Threshold_1,0.0
406,Person_91,Group_2,Item_3,Threshold_1,1.0
407,Person_92,Group_2,Item_3,Threshold_1,0.0
408,Person_93,Group_1,Item_3,Threshold_1,0.0
409,Person_95,Group_1,Item_3,Threshold_1,0.0
410,Person_97,Group_2,Item_3,Threshold_1,1.0
411,Person_102,Group_1,Item_3,Threshold_1,1.0
412,Person_104,Group_1,Item_3,Threshold_1,0.0
413,Person_106,Group_2,Item_3,Threshold_1,1.0
414,Person_108,Group_2,Item_3,Threshold_1,0.0
415,Person_109,Group_1,Item_3,Threshold_1,0.0
416,Person_110,Group_1,Item_3,Threshold_1,0.0
417,Person_111,Group_1,Item_3,Threshold_1,1.0
418,Person_112,Group_2,Item_3,Threshold_1,1.0
419,Person_114,Group_2,Item_3,Threshold_1,0.0
420,Person_115,Group_1,Item_3,Threshold_1,1.0
421,Person_116,Group_2,Item_3,Threshold_1,0.0
422,Person_117,Group_1,Item_3,Threshold_1,1.0
423,Person_118,Group_1,Item_3,Threshold_1,1.0
424,Person_119,Group_2,Item_3,Threshold_1,0.0
425,Person_121,Group_1,Item_3,Threshold_1,0.0
426,Person_122,Group_2,Item_3,Threshold_1,0.0
427,Person_123,Group_2,Item_3,Threshold_1,0.0
428,Person_126,Group_2,Item_3,Threshold_1,0.0
429,Person_128,Group_1,Item_3,Threshold_1,0.0
430,Person_129,Group_1,Item_3,Threshold_1,0.0
431,Person_138,Group_1,Item_3,Threshold_1,0.0
432,Person_6,Group_2,Item_3,Threshold_2,0.0
433,Person_14,Group_1,Item_3,Threshold_2,0.0
434,Person_27,Group_2,Item_3,Threshold_2,1.0
435,Person_30,Group_1,Item_3,Threshold_2,0.0
436,Person_33,Group_1,Item_3,Threshold_2,0.0
437,Person_37,Group_2,Item_3,Threshold_2,1.0
438,Person_41,Group_2,Item_3,Threshold_2,1.0
439,Person_48,Group_2,Item_3,Threshold_2,0.0
440,Person_54,Group_2,Item_3,Threshold_2,1.0
441,Person_56,Group_1,Item_3,Threshold_2,0.0
442,Person_65,Group_2,Item_3,Threshold_2,1.0
443,Person_71,Group_1,Item_3,Threshold_2,0.0
444,Person_75,Group_1,Item_3,Threshold_2,0.0
445,Person_79,Group_2,Item_3,Threshold_2,0.0
446,Person_80,Group_1,Item_3,Threshold_2,0.0
447,Person_86,Group_2,Item_3,Threshold_2,1.0
448,Person_91,Group_2,Item_3,Threshold_2,0.0
449,Person_96,Group_1,Item_3,Threshold_2,1.0
450,Person_97,Group_2,Item_3,Threshold_2,0.0
451,Person_101,Group_2,Item_3,Threshold_2,1.0
452,Person_102,Group_1,Item_3,Threshold_2,0.0
453,Person_106,Group_1,Item_3,Threshold_2,0.0
454,Person_111,Group_1,Item_3,Threshold_2,0.0
455,Person_112,Group_2,Item_3,Threshold_2,0.0
456,Person_115,Group_1,Item_3,Threshold_2,0.0
457,Person_117,Group_1,Item_3,Threshold_2,0.0
458,Person_118,Group_2,Item_3,Threshold_2,0.0
459,Person_135,Group_2,Item_3,Threshold_2,1.0
460,Person_141,Group_2,Item_3,Threshold_2,1.0
461,Person_5,Group_1,Item_3,Threshold_3,1.0
462,Person_7,Group_2,Item_3,Threshold_3,1.0
463,Person_19,Group_2,Item_3,Threshold_3,1.0
464,Person_25,Group_1,Item_3,Threshold_3,1.0
465,Person_27,Group_1,Item_3,Threshold_3,0.0
466,Person_34,Group_1,Item_3,Threshold_3,1.0
467,Person_37,Group_2,Item_3,Threshold_3,0.0
468,Person_41,Group_2,Item_3,Threshold_3,0.0
469,Person_49,Group_1,Item_3,Threshold_3,1.0
470,Person_51,Group_1,Item_3,Threshold_3,1.0
471,Person_54,Group_2,Item_3,Threshold_3,0.0
472,Person_59,Group_2,Item_3,Threshold_3,1.0
473,Person_65,Group_2,Item_3,Threshold_3,0.0
474,Person_72,Group_1,Item_3,Threshold_3,1.0
475,Person_74,Group_1,Item_3,Threshold_3,1.0
476,Person_77,Group_2,Item_3,Threshold_3,1.0
477,Person_86,Group_2,Item_3,Threshold_3,0.0
478,Person_88,Group_2,Item_3,Threshold_3,1.0
479,Person_96,Group_2,Item_3,Threshold_3,0.0
480,Person_99,Group_1,Item_3,Threshold_3,1.0
481,Person_101,Group_1,Item_3,Threshold_3,0.0
482,Person_107,Group_2,Item_3,Threshold_3,1.0
483,Person_133,Group_2,Item_3,Threshold_3,1.0
484,Person_135,Group_1,Item_3,Threshold_3,0.0
485,Person_141,Group_2,Item_3,Threshold_3,0.0
486,Person_1,Group_1,Item_3,Threshold_4,1.0
487,Person_3,Group_2,Item_3,Threshold_4,1.0
488,Person_4,Group_2,Item_3,Threshold_4,1.0
489,Person_5,Group_2,Item_3,Threshold_4,0.0
490,Person_7,Group_1,Item_3,Threshold_4,0.0
491,Person_8,Group_1,Item_3,Threshold_4,1.0
492,Person_9,Group_2,Item_3,Threshold_4,1.0
493,Person_10,Group_1,Item_3,Threshold_4,1.0
494,Person_11,Group_1,Item_3,Threshold_4,1.0
495,Person_15,Group_2,Item_3,Threshold_4,1.0
496,Person_16,Group_1,Item_3,Threshold_4,1.0
497,Person_17,Group_1,Item_3,Threshold_4,1.0
498,Person_18,Group_1,Item_3,Threshold_4,1.0
499,Person_19,Group_2,Item_3,Threshold_4,0.0
500,Person_22,Group_2,Item_3,Threshold_4,1.0
501,Person_23,Group_2,Item_3,Threshold_4,1.0
502,Person_25,Group_1,Item_3,Threshold_4,0.0
503,Person_26,Group_1,Item_3,Threshold_4,1.0
504,Person_28,Group_2,Item_3,Threshold_4,1.0
505,Person_31,Group_1,Item_3,Threshold_4,1.0
506,Person_32,Group_2,Item_3,Threshold_4,1.0
507,Person_34,Group_1,Item_3,Threshold_4,0.0
508,Person_35,Group_2,Item_3,Threshold_4,1.0
509,Person_36,Group_1,Item_3,Threshold_4,1.0
510,Person_39,Group_2,Item_3,Threshold_4,1.0
511,Person_40,Group_2,Item_3,Threshold_4,1.0
512,Person_42,Group_2,Item_3,Threshold_4,1.0
513,Person_43,Group_1,Item_3,Threshold_4,1.0
514,Person_44,Group_2,Item_3,Threshold_4,1.0
515,Person_46,Group_1,Item_3,Threshold_4,1.0
516,Person_49,Group_1,Item_3,Threshold_4,0.0
517,Person_50,Group_2,Item_3,Threshold_4,1.0
518,Person_51,Group_1,Item_3,Threshold_4,0.0
519,Person_52,Group_2,Item_3,Threshold_4,1.0
520,Person_53,Group_2,Item_3,Threshold_4,1.0
521,Person_58,Group_1,Item_3,Threshold_4,1.0
522,Person_59,Group_1,Item_3,Threshold_4,0.0
523,Person_60,Group_1,Item_3,Threshold_4,1.0
524,Person_61,Group_2,Item_3,Threshold_4,1.0
525,Person_63,Group_1,Item_3,Threshold_4,1.0
526,Person_64,Group_2,Item_3,Threshold_4,1.0
527,Person_66,Group_2,Item_3,Threshold_4,1.0
528,Person_68,Group_2,Item_3,Threshold_4,1.0
529,Person_72,Group_2,Item_3,Threshold_4,0.0
530,Person_73,Group_1,Item_3,Threshold_4,1.0
531,Person_74,Group_2,Item_3,Threshold_4,0.0
532,Person_76,Group_2,Item_3,Threshold_4,1.0
533,Person_77,Group_2,Item_3,Threshold_4,0.0
534,Person_78,Group_1,Item_3,Threshold_4,1.0
535,Person_84,Group_2,Item_3,Threshold_4,1.0
536,Person_85,Group_2,Item_3,Threshold_4,1.0
537,Person_87,Group_2,Item_3,Threshold_4,1.0
538,Person_88,Group_1,Item_3,Threshold_4,0.0
539,Person_90,Group_1,Item_3,Threshold_4,1.0
540,Person_94,Group_1,Item_3,Threshold_4,1.0
541,Person_98,Group_1,Item_3,Threshold_4,1.0
542,Person_99,Group_2,Item_3,Threshold_4,0.0
543,Person_100,Group_1,Item_3,Threshold_4,1.0
544,Person_103,Group_1,Item_3,Threshold_4,1.0
545,Person_105,Group_1,Item_3,Threshold_4,1.0
546,Person_107,Group_1,Item_3,Threshold_4,0.0
547,Person_113,Group_1,Item_3,Threshold_4,1.0
548,Person_120,Group_1,Item_3,Threshold_4,1.0
549,Person_124,Group_1,Item_3,Threshold_4,1.0
550,Person_125,Group_2,Item_3,Threshold_4,1.0
551,Person_127,Group_1,Item_3,Threshold_4,1.0
552,Person_130,Group_2,Item_3,Threshold_4,1.0
553,Person_131,Group_1,Item_3,Threshold_4,1.0
554,Person_132,Group_1,Item_3,Threshold_4,1.0
555,Person_133,Group_2,Item_3,Threshold_4,0.0
556,Person_134,Group_2,Item_3,Threshold_4,1.0
557,Person_136,Group_1,Item_3,Threshold_4,1.0
558,Person_137,Group_1,Item_3,Threshold_4,1.0
559,Person_139,Group_1,Item_3,Threshold_4,1.0
560,Person_140,Group_1,Item_3,Threshold_4,1.0
561,Person_2,Group_1,Item_4,Threshold_1,0.0
562,Person_6,Group_1,Item_4,Threshold_1,0.0
563,Person_12,Group_1,Item_4,Threshold_1,0.0
564,Person_13,Group_2,Item_4,Threshold_1,0.0
565,Person_14,Group_2,Item_4,Threshold_1,0.0
566,Person_20,Group_1,Item_4,Threshold_1,0.0
567,Person_21,Group_2,Item_4,Threshold_1,0.0
568,Person_24,Group_2,Item_4,Threshold_1,0.0
569,Person_29,Group_2,Item_4,Threshold_1,0.0
570,Person_33,Group_2,Item_4,Threshold_1,1.0
571,Person_38,Group_1,Item_4,Threshold_1,0.0
572,Person_41,Group_2,Item_4,Threshold_1,0.0
573,Person_45,Group_2,Item_4,Threshold_1,0.0
574,Person_47,Group_1,Item_4,Threshold_1,0.0
575,Person_55,Group_2,Item_4,Threshold_1,0.0
576,Person_56,Group_2,Item_4,Threshold_1,1.0
577,Person_57,Group_2,Item_4,Threshold_1,0.0
578,Person_62,Group_2,Item_4,Threshold_1,1.0
579,Person_67,Group_2,Item_4,Threshold_1,1.0
580,Person_69,Group_1,Item_4,Threshold_1,0.0
581,Person_70,Group_1,Item_4,Threshold_1,1.0
582,Person_72,Group_2,Item_4,Threshold_1,0.0
583,Person_75,Group_1,Item_4,Threshold_1,1.0
584,Person_80,Group_2,Item_4,Threshold_1,0.0
585,Person_83,Group_2,Item_4,Threshold_1,0.0
586,Person_86,Group_2,Item_4,Threshold_1,1.0
587,Person_89,Group_2,Item_4,Threshold_1,0.0
588,Person_92,Group_1,Item_4,Threshold_1,0.0
589,Person_93,Group_1,Item_4,Threshold_1,0.0
590,Person_95,Group_2,Item_4,Threshold_1,0.0
591,Person_96,Group_2,Item_4,Threshold_1,0.0
592,Person_104,Group_1,Item_4,Threshold_1,1.0
593,Person_106,Group_2,Item_4,Threshold_1,0.0
594,Person_107,Group_1,Item_4,Threshold_1,1.0
595,Person_108,Group_2,Item_4,Threshold_1,1.0
596,Person_109,Group_1,Item_4,Threshold_1,1.0
597,Person_110,Group_1,Item_4,Threshold_1,0.0
598,Person_111,Group_2,Item_4,Threshold_1,0.0
599,Person_112,Group_2,Item_4,Threshold_1,1.0
600,Person_114,Group_2,Item_4,Threshold_1,1.0
601,Person_116,Group_2,Item_4,Threshold_1,0.0
602,Person_118,Group_1,Item_4,Threshold_1,1.0
603,Person_119,Group_2,Item_4,Threshold_1,0.0
604,Person_121,Group_2,Item_4,Threshold_1,0.0
605,Person_122,Group_1,Item_4,Threshold_1,1.0
606,Person_123,Group_1,Item_4,Threshold_1,0.0
607,Person_126,Group_2,Item_4,Threshold_1,0.0
608,Person_128,Group_2,Item_4,Threshold_1,0.0
609,Person_129,Group_2,Item_4,Threshold_1,1.0
610,Person_138,Group_1,Item_4,Threshold_1,0.0
611,Person_141,Group_1,Item_4,Threshold_1,1.0
612,Person_1,Group_2,Item_4,Threshold_2,1.0
613,Person_16,Group_1,Item_4,Threshold_2,1.0
614,Person_33,Group_1,Item_4,Threshold_2,0.0
615,Person_56,Group_1,Item_4,Threshold_2,0.0
616,Person_59,Group_1,Item_4,Threshold_2,1.0
617,Person_60,Group_1,Item_4,Threshold_2,1.0
618,Person_62,Group_2,Item_4,Threshold_2,0.0
619,Person_67,Group_2,Item_4,Threshold_2,0.0
620,Person_70,Group_2,Item_4,Threshold_2,0.0
621,Person_71,Group_2,Item_4,Threshold_2,1.0
622,Person_74,Group_2,Item_4,Threshold_2,1.0
623,Person_75,Group_1,Item_4,Threshold_2,0.0
624,Person_77,Group_1,Item_4,Threshold_2,1.0
625,Person_79,Group_2,Item_4,Threshold_2,1.0
626,Person_81,Group_2,Item_4,Threshold_2,1.0
627,Person_86,Group_2,Item_4,Threshold_2,0.0
628,Person_88,Group_2,Item_4,Threshold_2,1.0
629,Person_97,Group_1,Item_4,Threshold_2,1.0
630,Person_101,Group_1,Item_4,Threshold_2,1.0
631,Person_104,Group_1,Item_4,Threshold_2,0.0
632,Person_107,Group_1,Item_4,Threshold_2,0.0
633,Person_108,Group_1,Item_4,Threshold_2,0.0
634,Person_109,Group_2,Item_4,Threshold_2,0.0
635,Person_112,Group_1,Item_4,Threshold_2,0.0
636,Person_114,Group_2,Item_4,Threshold_2,0.0
637,Person_115,Group_2,Item_4,Threshold_2,1.0
638,Person_118,Group_2,Item_4,Threshold_2,0.0
639,Person_122,Group_2,Item_4,Threshold_2,0.0
640,Person_129,Group_2,Item_4,Threshold_2,0.0
641,Person_141,Group_2,Item_4,Threshold_2,0.0
642,Person_1,Group_2,Item_4,Threshold_3,0.0
643,Person_10,Group_1,Item_4,Threshold_3,1.0
644,Person_16,Group_1,Item_4,Threshold_3,0.0
645,Person_19,Group_2,Item_4,Threshold_3,1.0
646,Person_27,Group_2,Item_4,Threshold_3,1.0
647,Person_34,Group_1,Item_4,Threshold_3,1.0
648,Person_48,Group_2,Item_4,Threshold_3,1.0
649,Person_54,Group_1,Item_4,Threshold_3,1.0
650,Person_58,Group_1,Item_4,Threshold_3,1.0
651,Person_59,Group_1,Item_4,Threshold_3,0.0
652,Person_60,Group_2,Item_4,Threshold_3,0.0
653,Person_64,Group_1,Item_4,Threshold_3,1.0
654,Person_71,Group_1,Item_4,Threshold_3,0.0
655,Person_74,Group_1,Item_4,Threshold_3,0.0
656,Person_77,Group_2,Item_4,Threshold_3,0.0
657,Person_79,Group_2,Item_4,Threshold_3,0.0
658,Person_81,Group_2,Item_4,Threshold_3,0.0
659,Person_82,Group_2,Item_4,Threshold_3,1.0
660,Person_84,Group_1,Item_4,Threshold_3,1.0
661,Person_88,Group_2,Item_4,Threshold_3,0.0
662,Person_91,Group_2,Item_4,Threshold_3,1.0
663,Person_97,Group_1,Item_4,Threshold_3,0.0
664,Person_101,Group_2,Item_4,Threshold_3,0.0
665,Person_102,Group_1,Item_4,Threshold_3,1.0
666,Person_115,Group_2,Item_4,Threshold_3,0.0
667,Person_117,Group_1,Item_4,Threshold_3,1.0
668,Person_3,Group_2,Item_4,Threshold_4,1.0
669,Person_4,Group_2,Item_4,Threshold_4,1.0
670,Person_5,Group_2,Item_4,Threshold_4,1.0
671,Person_7,Group_2,Item_4,Threshold_4,1.0
672,Person_8,Group_1,Item_4,Threshold_4,1.0
673,Person_9,Group_1,Item_4,Threshold_4,1.0
674,Person_10,Group_1,Item_4,Threshold_4,0.0
675,Person_11,Group_1,Item_4,Threshold_4,1.0
676,Person_15,Group_2,Item_4,Threshold_4,1.0
677,Person_17,Group_1,Item_4,Threshold_4,1.0
678,Person_18,Group_2,Item_4,Threshold_4,1.0
679,Person_19,Group_2,Item_4,Threshold_4,0.0
680,Person_22,Group_1,Item_4,Threshold_4,1.0
681,Person_23,Group_2,Item_4,Threshold_4,1.0
682,Person_25,Group_1,Item_4,Threshold_4,1.0
683,Person_26,Group_2,Item_4,Threshold_4,1.0
684,Person_27,Group_1,Item_4,Threshold_4,0.0
685,Person_28,Group_1,Item_4,Threshold_4,1.0
686,Person_30,Group_2,Item_4,Threshold_4,1.0
687,Person_31,Group_1,Item_4,Threshold_4,1.0
688,Person_32,Group_2,Item_4,Threshold_4,1.0
689,Person_34,Group_2,Item_4,Threshold_4,0.0
690,Person_35,Group_1,Item_4,Threshold_4,1.0
691,Person_36,Group_2,Item_4,Threshold_4,1.0
692,Person_37,Group_2,Item_4,Threshold_4,1.0
693,Person_39,Group_1,Item_4,Threshold_4,1.0
694,Person_40,Group_2,Item_4,Threshold_4,1.0
695,Person_42,Group_2,Item_4,Threshold_4,1.0
696,Person_43,Group_2,Item_4,Threshold_4,1.0
697,Person_44,Group_1,Item_4,Threshold_4,1.0
698,Person_46,Group_1,Item_4,Threshold_4,1.0
699,Person_48,Group_2,Item_4,Threshold_4,0.0
700,Person_49,Group_1,Item_4,Threshold_4,1.0
701,Person_50,Group_2,Item_4,Threshold_4,1.0
702,Person_51,Group_1,Item_4,Threshold_4,1.0
703,Person_52,Group_1,Item_4,Threshold_4,1.0
704,Person_53,Group_1,Item_4,Threshold_4,1.0
705,Person_54,Group_1,Item_4,Threshold_4,0.0
706,Person_58,Group_1,Item_4,Threshold_4,0.0
707,Person_61,Group_1,Item_4,Threshold_4,1.0
708,Person_63,Group_2,Item_4,Threshold_4,1.0
709,Person_64,Group_2,Item_4,Threshold_4,0.0
710,Person_65,Group_2,Item_4,Threshold_4,1.0
711,Person_66,Group_1,Item_4,Threshold_4,1.0
712,Person_68,Group_2,Item_4,Threshold_4,1.0
713,Person_73,Group_1,Item_4,Threshold_4,1.0
714,Person_76,Group_2,Item_4,Threshold_4,1.0
715,Person_78,Group_2,Item_4,Threshold_4,1.0
716,Person_82,Group_2,Item_4,Threshold_4,0.0
717,Person_84,Group_1,Item_4,Threshold_4,0.0
718,Person_85,Group_2,Item_4,Threshold_4,1.0
719,Person_87,Group_2,Item_4,Threshold_4,1.0
720,Person_90,Group_2,Item_4,Threshold_4,1.0
721,Person_91,Group_2,Item_4,Threshold_4,0.0
722,Person_94,Group_2,Item_4,Threshold_4,1.0
723,Person_98,Group_1,Item_4,Threshold_4,1.0
724,Person_99,Group_1,Item_4,Threshold_4,1.0
725,Person_100,Group_2,Item_4,Threshold_4,1.0
726,Person_102,Group_1,Item_4,Threshold_4,0.0
727,Person_103,Group_2,Item_4,Threshold_4,1.0
728,Person_105,Group_1,Item_4,Threshold_4,1.0
729,Person_113,Group_1,Item_4,Threshold_4,1.0
730,Person_117,Group_2,Item_4,Threshold_4,0.0
731,Person_120,Group_1,Item_4,Threshold_4,1.0
732,Person_124,Group_1,Item_4,Threshold_4,1.0
733,Person_125,Group_2,Item_4,Threshold_4,1.0
734,Person_127,Group_2,Item_4,Threshold_4,1.0
735,Person_130,Group_1,Item_4,Threshold_4,1.0
736,Person_131,Group_1,Item_4,Threshold_4,1.0
737,Person_132,Group_1,Item_4,Threshold_4,1.0
738,Person_133,Group_1,Item_4,Threshold_4,1.0
739,Person_134,Group_1,Item_4,Threshold_4,1.0
740,Person_135,Group_1,Item_4,Threshold_4,1.0
741,Person_136,Group_1,Item_4,Threshold_4,1.0
742,Person_137,Group_1,Item_4,Threshold_4,1.0
743,Person_139,Group_1,Item_4,Threshold_4,1.0
744,Person_140,Group_2,Item_4,Threshold_4,1.0
745,Person_2,Group_2,Item_5,Threshold_1,0.0
746,Person_5,Group_2,Item_5,Threshold_1,1.0
747,Person_6,Group_1,Item_5,Threshold_1,0.0
748,Person_7,Group_2,Item_5,Threshold_1,1.0
749,Person_12,Group_1,Item_5,Threshold_1,0.0
750,Person_13,Group_2,Item_5,Threshold_1,1.0
751,Person_14,Group_1,Item_5,Threshold_1,0.0
752,Person_19,Group_1,Item_5,Threshold_1,1.0
753,Person_20,Group_1,Item_5,Threshold_1,0.0
754,Person_21,Group_1,Item_5,Threshold_1,0.0
755,Person_24,Group_2,Item_5,Threshold_1,0.0
756,Person_25,Group_1,Item_5,Threshold_1,1.0
757,Person_27,Group_1,Item_5,Threshold_1,1.0
758,Person_29,Group_1,Item_5,Threshold_1,0.0
759,Person_30,Group_1,Item_5,Threshold_1,1.0
760,Person_33,Group_1,Item_5,Threshold_1,0.0
761,Person_34,Group_2,Item_5,Threshold_1,1.0
762,Person_38,Group_2,Item_5,Threshold_1,0.0
763,Person_41,Group_1,Item_5,Threshold_1,0.0
764,Person_45,Group_2,Item_5,Threshold_1,0.0
765,Person_47,Group_1,Item_5,Threshold_1,0.0
766,Person_48,Group_2,Item_5,Threshold_1,0.0
767,Person_55,Group_2,Item_5,Threshold_1,0.0
768,Person_56,Group_1,Item_5,Threshold_1,0.0
769,Person_57,Group_1,Item_5,Threshold_1,0.0
770,Person_58,Group_2,Item_5,Threshold_1,0.0
771,Person_65,Group_2,Item_5,Threshold_1,1.0
772,Person_67,Group_1,Item_5,Threshold_1,0.0
773,Person_69,Group_1,Item_5,Threshold_1,0.0
774,Person_70,Group_2,Item_5,Threshold_1,0.0
775,Person_71,Group_2,Item_5,Threshold_1,0.0
776,Person_72,Group_1,Item_5,Threshold_1,0.0
777,Person_75,Group_2,Item_5,Threshold_1,0.0
778,Person_77,Group_2,Item_5,Threshold_1,0.0
779,Person_79,Group_2,Item_5,Threshold_1,0.0
780,Person_80,Group_1,Item_5,Threshold_1,0.0
781,Person_81,Group_1,Item_5,Threshold_1,0.0
782,Person_82,Group_2,Item_5,Threshold_1,0.0
783,Person_83,Group_1,Item_5,Threshold_1,1.0
784,Person_86,Group_2,Item_5,Threshold_1,0.0
785,Person_88,Group_2,Item_5,Threshold_1,1.0
786,Person_89,Group_1,Item_5,Threshold_1,0.0
787,Person_92,Group_2,Item_5,Threshold_1,0.0
788,Person_93,Group_1,Item_5,Threshold_1,0.0
789,Person_95,Group_1,Item_5,Threshold_1,0.0
790,Person_96,Group_1,Item_5,Threshold_1,0.0
791,Person_97,Group_1,Item_5,Threshold_1,1.0
792,Person_101,Group_2,Item_5,Threshold_1,1.0
793,Person_102,Group_1,Item_5,Threshold_1,1.0
794,Person_104,Group_1,Item_5,Threshold_1,0.0
795,Person_106,Group_2,Item_5,Threshold_1,0.0
796,Person_107,Group_1,Item_5,Threshold_1,0.0
797,Person_108,Group_1,Item_5,Threshold_1,0.0
798,Person_109,Group_2,Item_5,Threshold_1,1.0
799,Person_110,Group_1,Item_5,Threshold_1,0.0
800,Person_111,Group_1,Item_5,Threshold_1,0.0
801,Person_114,Group_2,Item_5,Threshold_1,0.0
802,Person_115,Group_1,Item_5,Threshold_1,0.0
803,Person_116,Group_1,Item_5,Threshold_1,0.0
804,Person_117,Group_2,Item_5,Threshold_1,1.0
805,Person_118,Group_2,Item_5,Threshold_1,0.0
806,Person_119,Group_1,Item_5,Threshold_1,0.0
807,Person_121,Group_1,Item_5,Threshold_1,0.0
808,Person_122,Group_2,Item_5,Threshold_1,0.0
809,Person_123,Group_1,Item_5,Threshold_1,0.0
810,Person_126,Group_1,Item_5,Threshold_1,0.0
811,Person_128,Group_1,Item_5,Threshold_1,0.0
812,Person_129,Group_2,Item_5,Threshold_1,0.0
813,Person_133,Group_1,Item_5,Threshold_1,1.0
814,Person_135,Group_1,Item_5,Threshold_1,0.0
815,Person_138,Group_2,Item_5,Threshold_1,0.0
816,Person_141,Group_1,Item_5,Threshold_1,0.0
817,Person_5,Group_1,Item_5,Threshold_2,0.0
818,Person_7,Group_2,Item_5,Threshold_2,0.0
819,Person_13,Group_1,Item_5,Threshold_2,0.0
820,Person_16,Group_1,Item_5,Threshold_2,1.0
821,Person_19,Group_2,Item_5,Threshold_2,0.0
822,Person_25,Group_1,Item_5,Threshold_2,0.0
823,Person_27,Group_2,Item_5,Threshold_2,0.0
824,Person_30,Group_2,Item_5,Threshold_2,0.0
825,Person_31,Group_2,Item_5,Threshold_2,1.0
826,Person_34,Group_2,Item_5,Threshold_2,0.0
827,Person_52,Group_1,Item_5,Threshold_2,1.0
828,Person_54,Group_2,Item_5,Threshold_2,1.0
829,Person_62,Group_2,Item_5,Threshold_2,1.0
830,Person_65,Group_2,Item_5,Threshold_2,0.0
831,Person_83,Group_2,Item_5,Threshold_2,0.0
832,Person_85,Group_2,Item_5,Threshold_2,1.0
833,Person_88,Group_1,Item_5,Threshold_2,0.0
834,Person_91,Group_2,Item_5,Threshold_2,1.0
835,Person_97,Group_1,Item_5,Threshold_2,0.0
836,Person_99,Group_2,Item_5,Threshold_2,1.0
837,Person_101,Group_1,Item_5,Threshold_2,0.0
838,Person_102,Group_1,Item_5,Threshold_2,0.0
839,Person_109,Group_1,Item_5,Threshold_2,0.0
840,Person_112,Group_1,Item_5,Threshold_2,1.0
841,Person_117,Group_1,Item_5,Threshold_2,0.0
842,Person_132,Group_2,Item_5,Threshold_2,1.0
843,Person_133,Group_1,Item_5,Threshold_2,0.0
844,Person_1,Group_2,Item_5,Threshold_3,1.0
845,Person_4,Group_2,Item_5,Threshold_3,1.0
846,Person_8,Group_1,Item_5,Threshold_3,1.0
847,Person_10,Group_2,Item_5,Threshold_3,1.0
848,Person_16,Group_2,Item_5,Threshold_3,0.0
849,Person_31,Group_2,Item_5,Threshold_3,0.0
850,Person_32,Group_1,Item_5,Threshold_3,1.0
851,Person_35,Group_2,Item_5,Threshold_3,1.0
852,Person_36,Group_2,Item_5,Threshold_3,1.0
853,Person_37,Group_2,Item_5,Threshold_3,1.0
854,Person_49,Group_1,Item_5,Threshold_3,1.0
855,Person_52,Group_1,Item_5,Threshold_3,0.0
856,Person_53,Group_2,Item_5,Threshold_3,1.0
857,Person_54,Group_2,Item_5,Threshold_3,0.0
858,Person_59,Group_1,Item_5,Threshold_3,1.0
859,Person_60,Group_2,Item_5,Threshold_3,1.0
860,Person_61,Group_1,Item_5,Threshold_3,1.0
861,Person_62,Group_1,Item_5,Threshold_3,0.0
862,Person_63,Group_2,Item_5,Threshold_3,1.0
863,Person_68,Group_2,Item_5,Threshold_3,1.0
864,Person_73,Group_2,Item_5,Threshold_3,1.0
865,Person_74,Group_1,Item_5,Threshold_3,1.0
866,Person_85,Group_2,Item_5,Threshold_3,0.0
867,Person_87,Group_2,Item_5,Threshold_3,1.0
868,Person_91,Group_2,Item_5,Threshold_3,0.0
869,Person_99,Group_1,Item_5,Threshold_3,0.0
870,Person_103,Group_2,Item_5,Threshold_3,1.0
871,Person_112,Group_2,Item_5,Threshold_3,0.0
872,Person_127,Group_1,Item_5,Threshold_3,1.0
873,Person_132,Group_2,Item_5,Threshold_3,0.0
874,Person_140,Group_2,Item_5,Threshold_3,1.0
875,Person_1,Group_2,Item_5,Threshold_4,0.0
876,Person_3,Group_1,Item_5,Threshold_4,1.0
877,Person_4,Group_2,Item_5,Threshold_4,0.0
878,Person_8,Group_1,Item_5,Threshold_4,0.0
879,Person_9,Group_2,Item_5,Threshold_4,1.0
880,Person_10,Group_2,Item_5,Threshold_4,0.0
881,Person_11,Group_1,Item_5,Threshold_4,1.0
882,Person_15,Group_1,Item_5,Threshold_4,1.0
883,Person_17,Group_2,Item_5,Threshold_4,1.0
884,Person_18,Group_2,Item_5,Threshold_4,1.0
885,Person_22,Group_1,Item_5,Threshold_4,1.0
886,Person_23,Group_1,Item_5,Threshold_4,1.0
887,Person_26,Group_1,Item_5,Threshold_4,1.0
888,Person_28,Group_1,Item_5,Threshold_4,1.0
889,Person_32,Group_2,Item_5,Threshold_4,0.0
890,Person_35,Group_1,Item_5,Threshold_4,0.0
891,Person_36,Group_2,Item_5,Threshold_4,0.0
892,Person_37,Group_1,Item_5,Threshold_4,0.0
893,Person_39,Group_2,Item_5,Threshold_4,1.0
894,Person_40,Group_1,Item_5,Threshold_4,1.0
895,Person_42,Group_1,Item_5,Threshold_4,1.0
896,Person_43,Group_1,Item_5,Threshold_4,1.0
897,Person_44,Group_1,Item_5,Threshold_4,1.0
898,Person_46,Group_2,Item_5,Threshold_4,1.0
899,Person_49,Group_1,Item_5,Threshold_4,0.0
900,Person_50,Group_2,Item_5,Threshold_4,1.0
901,Person_51,Group_1,Item_5,Threshold_4,1.0
902,Person_53,Group_1,Item_5,Threshold_4,0.0
903,Person_59,Group_2,Item_5,Threshold_4,0.0
904,Person_60,Group_1,Item_5,Threshold_4,0.0
905,Person_61,Group_2,Item_5,Threshold_4,0.0
906,Person_63,Group_1,Item_5,Threshold_4,0.0
907,Person_64,Group_2,Item_5,Threshold_4,1.0
908,Person_66,Group_1,Item_5,Threshold_4,1.0
909,Person_68,Group_1,Item_5,Threshold_4,0.0
910,Person_73,Group_2,Item_5,Threshold_4,0.0
911,Person_74,Group_1,Item_5,Threshold_4,0.0
912,Person_76,Group_2,Item_5,Threshold_4,1.0
913,Person_78,Group_1,Item_5,Threshold_4,1.0
914,Person_84,Group_2,Item_5,Threshold_4,1.0
915,Person_87,Group_2,Item_5,Threshold_4,0.0
916,Person_90,Group_1,Item_5,Threshold_4,1.0
917,Person_94,Group_2,Item_5,Threshold_4,1.0
918,Person_98,Group_1,Item_5,Threshold_4,1.0
919,Person_100,Group_2,Item_5,Threshold_4,1.0
920,Person_103,Group_2,Item_5,Threshold_4,0.0
921,Person_105,Group_2,Item_5,Threshold_4,1.0
922,Person_113,Group_1,Item_5,Threshold_4,1.0
923,Person_120,Group_1,Item_5,Threshold_4,1.0
924,Person_124,Group_1,Item_5,Threshold_4,1.0
925,Person_125,Group_2,Item_5,Threshold_4,1.0
926,Person_127,Group_1,Item_5,Threshold_4,0.0
927,Person_130,Group_1,Item_5,Threshold_4,1.0
928,Person_131,Group_2,Item_5,Threshold_4,1.0
929,Person_134,Group_2,Item_5,Threshold_4,1.0
930,Person_136,Group_2,Item_5,Threshold_4,1.0
931,Person_137,Group_2,Item_5,Threshold_4,1.0
932,Person_139,Group_1,Item_5,Threshold_4,1.0
933,Person_140,Group_1,Item_5,Threshold_4,0.0
934,Person_2,Group_2,Item_6,Threshold_1,0.0
935,Person_6,Group_2,Item_6,Threshold_1,0.0
936,Person_12,Group_1,Item_6,Threshold_1,1.0
937,Person_13,Group_1,Item_6,Threshold_1,0.0
938,Person_14,Group_1,Item_6,Threshold_1,0.0
939,Person_20,Group_2,Item_6,Threshold_1,0.0
940,Person_21,Group_1,Item_6,Threshold_1,0.0
941,Person_24,Group_1,Item_6,Threshold_1,0.0
942,Person_29,Group_2,Item_6,Threshold_1,1.0
943,Person_33,Group_1,Item_6,Threshold_1,0.0
944,Person_38,Group_2,Item_6,Threshold_1,0.0
945,Person_45,Group_2,Item_6,Threshold_1,0.0
946,Person_47,Group_2,Item_6,Threshold_1,0.0
947,Person_48,Group_1,Item_6,Threshold_1,1.0
948,Person_55,Group_1,Item_6,Threshold_1,0.0
949,Person_56,Group_2,Item_6,Threshold_1,1.0
950,Person_57,Group_1,Item_6,Threshold_1,0.0
951,Person_62,Group_1,Item_6,Threshold_1,1.0
952,Person_69,Group_2,Item_6,Threshold_1,0.0
953,Person_70,Group_1,Item_6,Threshold_1,1.0
954,Person_71,Group_1,Item_6,Threshold_1,1.0
955,Person_77,Group_2,Item_6,Threshold_1,0.0
956,Person_79,Group_1,Item_6,Threshold_1,1.0
957,Person_83,Group_1,Item_6,Threshold_1,1.0
958,Person_89,Group_2,Item_6,Threshold_1,0.0
959,Person_92,Group_1,Item_6,Threshold_1,0.0
960,Person_93,Group_2,Item_6,Threshold_1,0.0
961,Person_95,Group_1,Item_6,Threshold_1,0.0
962,Person_96,Group_1,Item_6,Threshold_1,0.0
963,Person_101,Group_1,Item_6,Threshold_1,1.0
964,Person_102,Group_1,Item_6,Threshold_1,1.0
965,Person_104,Group_2,Item_6,Threshold_1,0.0
966,Person_106,Group_2,Item_6,Threshold_1,1.0
967,Person_108,Group_1,Item_6,Threshold_1,0.0
968,Person_109,Group_1,Item_6,Threshold_1,1.0
969,Person_110,Group_1,Item_6,Threshold_1,1.0
970,Person_111,Group_1,Item_6,Threshold_1,1.0
971,Person_112,Group_1,Item_6,Threshold_1,1.0
972,Person_114,Group_2,Item_6,Threshold_1,0.0
973,Person_115,Group_2,Item_6,Threshold_1,0.0
974,Person_116,Group_2,Item_6,Threshold_1,0.0
975,Person_118,Group_1,Item_6,Threshold_1,0.0
976,Person_119,Group_2,Item_6,Threshold_1,0.0
977,Person_121,Group_2,Item_6,Threshold_1,0.0
978,Person_122,Group_1,Item_6,Threshold_1,0.0
979,Person_123,Group_1,Item_6,Threshold_1,0.0
980,Person_126,Group_1,Item_6,Threshold_1,0.0
981,Person_128,Group_1,Item_6,Threshold_1,1.0
982,Person_138,Group_2,Item_6,Threshold_1,0.0
983,Person_141,Group_1,Item_6,Threshold_1,1.0
984,Person_12,Group_2,Item_6,Threshold_2,0.0
985,Person_27,Group_2,Item_6,Threshold_2,1.0
986,Person_29,Group_2,Item_6,Threshold_2,0.0
987,Person_30,Group_1,Item_6,Threshold_2,1.0
988,Person_41,Group_1,Item_6,Threshold_2,1.0
989,Person_48,Group_1,Item_6,Threshold_2,0.0
990,Person_56,Group_2,Item_6,Threshold_2,0.0
991,Person_59,Group_2,Item_6,Threshold_2,1.0
992,Person_62,Group_2,Item_6,Threshold_2,0.0
993,Person_65,Group_2,Item_6,Threshold_2,1.0
994,Person_67,Group_2,Item_6,Threshold_2,1.0
995,Person_70,Group_2,Item_6,Threshold_2,0.0
996,Person_71,Group_2,Item_6,Threshold_2,0.0
997,Person_72,Group_2,Item_6,Threshold_2,1.0
998,Person_74,Group_1,Item_6,Threshold_2,1.0
999,Person_79,Group_2,Item_6,Threshold_2,0.0
1000,Person_80,Group_2,Item_6,Threshold_2,1.0
1001,Person_81,Group_2,Item_6,Threshold_2,1.0
1002,Person_83,Group_1,Item_6,Threshold_2,0.0
1003,Person_88,Group_2,Item_6,Threshold_2,1.0
1004,Person_97,Group_2,Item_6,Threshold_2,1.0
1005,Person_101,Group_2,Item_6,Threshold_2,0.0
1006,Person_102,Group_2,Item_6,Threshold_2,0.0
1007,Person_106,Group_2,Item_6,Threshold_2,0.0
1008,Person_109,Group_1,Item_6,Threshold_2,0.0
1009,Person_110,Group_1,Item_6,Threshold_2,0.0
1010,Person_111,Group_2,Item_6,Threshold_2,0.0
1011,Person_112,Group_1,Item_6,Threshold_2,0.0
1012,Person_128,Group_2,Item_6,Threshold_2,0.0
1013,Person_141,Group_1,Item_6,Threshold_2,0.0
1014,Person_1,Group_1,Item_6,Threshold_3,1.0
1015,Person_5,Group_2,Item_6,Threshold_3,1.0
1016,Person_7,Group_1,Item_6,Threshold_3,1.0
1017,Person_27,Group_2,Item_6,Threshold_3,0.0
1018,Person_30,Group_1,Item_6,Threshold_3,0.0
1019,Person_31,Group_2,Item_6,Threshold_3,1.0
1020,Person_34,Group_2,Item_6,Threshold_3,1.0
1021,Person_35,Group_2,Item_6,Threshold_3,1.0
1022,Person_41,Group_2,Item_6,Threshold_3,0.0
1023,Person_49,Group_1,Item_6,Threshold_3,1.0
1024,Person_52,Group_1,Item_6,Threshold_3,1.0
1025,Person_58,Group_2,Item_6,Threshold_3,1.0
1026,Person_59,Group_2,Item_6,Threshold_3,0.0
1027,Person_65,Group_1,Item_6,Threshold_3,0.0
1028,Person_67,Group_2,Item_6,Threshold_3,0.0
1029,Person_72,Group_1,Item_6,Threshold_3,0.0
1030,Person_73,Group_2,Item_6,Threshold_3,1.0
1031,Person_74,Group_1,Item_6,Threshold_3,0.0
1032,Person_75,Group_1,Item_6,Threshold_3,1.0
1033,Person_80,Group_2,Item_6,Threshold_3,0.0
1034,Person_81,Group_2,Item_6,Threshold_3,0.0
1035,Person_82,Group_2,Item_6,Threshold_3,1.0
1036,Person_86,Group_2,Item_6,Threshold_3,1.0
1037,Person_88,Group_2,Item_6,Threshold_3,0.0
1038,Person_91,Group_1,Item_6,Threshold_3,1.0
1039,Person_97,Group_2,Item_6,Threshold_3,0.0
1040,Person_99,Group_1,Item_6,Threshold_3,1.0
1041,Person_107,Group_2,Item_6,Threshold_3,1.0
1042,Person_117,Group_2,Item_6,Threshold_3,1.0
1043,Person_129,Group_2,Item_6,Threshold_3,1.0
1044,Person_132,Group_2,Item_6,Threshold_3,1.0
1045,Person_135,Group_2,Item_6,Threshold_3,1.0
1046,Person_1,Group_2,Item_6,Threshold_4,0.0
1047,Person_3,Group_1,Item_6,Threshold_4,1.0
1048,Person_4,Group_2,Item_6,Threshold_4,1.0
1049,Person_5,Group_1,Item_6,Threshold_4,0.0
1050,Person_7,Group_1,Item_6,Threshold_4,0.0
1051,Person_8,Group_1,Item_6,Threshold_4,1.0
1052,Person_9,Group_2,Item_6,Threshold_4,1.0
1053,Person_10,Group_1,Item_6,Threshold_4,1.0
1054,Person_11,Group_1,Item_6,Threshold_4,1.0
1055,Person_15,Group_2,Item_6,Threshold_4,1.0
1056,Person_16,Group_1,Item_6,Threshold_4,1.0
1057,Person_17,Group_2,Item_6,Threshold_4,1.0
1058,Person_18,Group_1,Item_6,Threshold_4,1.0
1059,Person_19,Group_2,Item_6,Threshold_4,1.0
1060,Person_22,Group_1,Item_6,Threshold_4,1.0
1061,Person_23,Group_2,Item_6,Threshold_4,1.0
1062,Person_25,Group_1,Item_6,Threshold_4,1.0
1063,Person_26,Group_2,Item_6,Threshold_4,1.0
1064,Person_28,Group_2,Item_6,Threshold_4,1.0
1065,Person_31,Group_2,Item_6,Threshold_4,0.0
1066,Person_32,Group_1,Item_6,Threshold_4,1.0
1067,Person_34,Group_2,Item_6,Threshold_4,0.0
1068,Person_35,Group_2,Item_6,Threshold_4,0.0
1069,Person_36,Group_2,Item_6,Threshold_4,1.0
1070,Person_37,Group_1,Item_6,Threshold_4,1.0
1071,Person_39,Group_2,Item_6,Threshold_4,1.0
1072,Person_40,Group_1,Item_6,Threshold_4,1.0
1073,Person_42,Group_1,Item_6,Threshold_4,1.0
1074,Person_43,Group_1,Item_6,Threshold_4,1.0
1075,Person_44,Group_1,Item_6,Threshold_4,1.0
1076,Person_46,Group_1,Item_6,Threshold_4,1.0
1077,Person_49,Group_2,Item_6,Threshold_4,0.0
1078,Person_50,Group_2,Item_6,Threshold_4,1.0
1079,Person_51,Group_1,Item_6,Threshold_4,1.0
1080,Person_52,Group_2,Item_6,Threshold_4,0.0
1081,Person_53,Group_1,Item_6,Threshold_4,1.0
1082,Person_54,Group_2,Item_6,Threshold_4,1.0
1083,Person_58,Group_1,Item_6,Threshold_4,0.0
1084,Person_60,Group_2,Item_6,Threshold_4,1.0
1085,Person_61,Group_1,Item_6,Threshold_4,1.0
1086,Person_63,Group_1,Item_6,Threshold_4,1.0
1087,Person_64,Group_1,Item_6,Threshold_4,1.0
1088,Person_66,Group_2,Item_6,Threshold_4,1.0
1089,Person_68,Group_2,Item_6,Threshold_4,1.0
1090,Person_73,Group_1,Item_6,Threshold_4,0.0
1091,Person_75,Group_2,Item_6,Threshold_4,0.0
1092,Person_76,Group_1,Item_6,Threshold_4,1.0
1093,Person_78,Group_1,Item_6,Threshold_4,1.0
1094,Person_82,Group_1,Item_6,Threshold_4,0.0
1095,Person_84,Group_1,Item_6,Threshold_4,1.0
1096,Person_85,Group_2,Item_6,Threshold_4,1.0
1097,Person_86,Group_2,Item_6,Threshold_4,0.0
1098,Person_87,Group_2,Item_6,Threshold_4,1.0
1099,Person_90,Group_1,Item_6,Threshold_4,1.0
1100,Person_91,Group_2,Item_6,Threshold_4,0.0
1101,Person_94,Group_1,Item_6,Threshold_4,1.0
1102,Person_98,Group_2,Item_6,Threshold_4,1.0
1103,Person_99,Group_1,Item_6,Threshold_4,0.0
1104,Person_100,Group_1,Item_6,Threshold_4,1.0
1105,Person_103,Group_2,Item_6,Threshold_4,1.0
1106,Person_105,Group_2,Item_6,Threshold_4,1.0
1107,Person_107,Group_1,Item_6,Threshold_4,0.0
1108,Person_113,Group_2,Item_6,Threshold_4,1.0
1109,Person_117,Group_1,Item_6,Threshold_4,0.0
1110,Person_120,Group_2,Item_6,Threshold_4,1.0
1111,Person_124,Group_2,Item_6,Threshold_4,1.0
1112,Person_125,Group_2,Item_6,Threshold_4,1.0
1113,Person_127,Group_1,Item_6,Threshold_4,1.0
1114,Person_129,Group_1,Item_6,Threshold_4,0.0
1115,Person_130,Group_2,Item_6,Threshold_4,1.0
1116,Person_131,Group_2,Item_6,Threshold_4,1.0
1117,Person_132,Group_2,Item_6,Threshold_4,0.0
1118,Person_133,Group_1,Item_6,Threshold_4,1.0
1119,Person_134,Group_1,Item_6,Threshold_4,1.0
1120,Person_135,Group_2,Item_6,Threshold_4,0.0
1121,Person_136,Group_2,Item_6,Threshold_4,1.0
1122,Person_137,Group_1,Item_6,Threshold_4,1.0
1123,Person_139,Group_2,Item_6,Threshold_4,1.0
1124,Person_140,Group_1,Item_6,Threshold_4,1.0
1125,Person_2,Group_1,Item_7,Threshold_1,1.0
1126,Person_6,Group_1,Item_7,Threshold_1,1.0
1127,Person_12,Group_2,Item_7,Threshold_1,0.0
1128,Person_13,Group_1,Item_7,Threshold_1,1.0
1129,Person_14,Group_1,Item_7,Threshold_1,0.0
1130,Person_20,Group_1,Item_7,Threshold_1,1.0
1131,Person_21,Group_2,Item_7,Threshold_1,0.0
1132,Person_24,Group_1,Item_7,Threshold_1,0.0
1133,Person_27,Group_1,Item_7,Threshold_1,1.0
1134,Person_29,Group_1,Item_7,Threshold_1,1.0
1135,Person_30,Group_2,Item_7,Threshold_1,1.0
1136,Person_33,Group_2,Item_7,Threshold_1,1.0
1137,Person_38,Group_1,Item_7,Threshold_1,0.0
1138,Person_45,Group_1,Item_7,Threshold_1,1.0
1139,Person_47,Group_2,Item_7,Threshold_1,0.0
1140,Person_55,Group_1,Item_7,Threshold_1,0.0
1141,Person_57,Group_2,Item_7,Threshold_1,0.0
1142,Person_67,Group_1,Item_7,Threshold_1,1.0
1143,Person_69,Group_2,Item_7,Threshold_1,1.0
1144,Person_70,Group_1,Item_7,Threshold_1,1.0
1145,Person_71,Group_2,Item_7,Threshold_1,0.0
1146,Person_75,Group_1,Item_7,Threshold_1,1.0
1147,Person_77,Group_1,Item_7,Threshold_1,0.0
1148,Person_81,Group_2,Item_7,Threshold_1,1.0
1149,Person_83,Group_1,Item_7,Threshold_1,0.0
1150,Person_89,Group_1,Item_7,Threshold_1,0.0
1151,Person_92,Group_1,Item_7,Threshold_1,0.0
1152,Person_93,Group_1,Item_7,Threshold_1,0.0
1153,Person_95,Group_1,Item_7,Threshold_1,0.0
1154,Person_96,Group_1,Item_7,Threshold_1,1.0
1155,Person_104,Group_1,Item_7,Threshold_1,1.0
1156,Person_108,Group_2,Item_7,Threshold_1,0.0
1157,Person_110,Group_1,Item_7,Threshold_1,0.0
1158,Person_114,Group_1,Item_7,Threshold_1,0.0
1159,Person_115,Group_1,Item_7,Threshold_1,0.0
1160,Person_116,Group_2,Item_7,Threshold_1,1.0
1161,Person_118,Group_1,Item_7,Threshold_1,1.0
1162,Person_119,Group_1,Item_7,Threshold_1,0.0
1163,Person_121,Group_2,Item_7,Threshold_1,0.0
1164,Person_122,Group_1,Item_7,Threshold_1,0.0
1165,Person_123,Group_1,Item_7,Threshold_1,0.0
1166,Person_126,Group_1,Item_7,Threshold_1,0.0
1167,Person_128,Group_2,Item_7,Threshold_1,1.0
1168,Person_138,Group_2,Item_7,Threshold_1,0.0
1169,Person_2,Group_2,Item_7,Threshold_2,0.0
1170,Person_6,Group_1,Item_7,Threshold_2,0.0
1171,Person_13,Group_1,Item_7,Threshold_2,0.0
1172,Person_20,Group_1,Item_7,Threshold_2,0.0
1173,Person_27,Group_1,Item_7,Threshold_2,0.0
1174,Person_29,Group_1,Item_7,Threshold_2,0.0
1175,Person_30,Group_2,Item_7,Threshold_2,0.0
1176,Person_33,Group_1,Item_7,Threshold_2,0.0
1177,Person_45,Group_2,Item_7,Threshold_2,0.0
1178,Person_51,Group_2,Item_7,Threshold_2,1.0
1179,Person_65,Group_1,Item_7,Threshold_2,1.0
1180,Person_67,Group_1,Item_7,Threshold_2,0.0
1181,Person_69,Group_1,Item_7,Threshold_2,0.0
1182,Person_70,Group_2,Item_7,Threshold_2,0.0
1183,Person_72,Group_1,Item_7,Threshold_2,1.0
1184,Person_75,Group_1,Item_7,Threshold_2,0.0
1185,Person_79,Group_2,Item_7,Threshold_2,1.0
1186,Person_80,Group_1,Item_7,Threshold_2,1.0
1187,Person_81,Group_1,Item_7,Threshold_2,0.0
1188,Person_82,Group_2,Item_7,Threshold_2,1.0
1189,Person_88,Group_2,Item_7,Threshold_2,1.0
1190,Person_96,Group_2,Item_7,Threshold_2,0.0
1191,Person_104,Group_2,Item_7,Threshold_2,0.0
1192,Person_106,Group_2,Item_7,Threshold_2,1.0
1193,Person_107,Group_1,Item_7,Threshold_2,1.0
1194,Person_109,Group_2,Item_7,Threshold_2,1.0
1195,Person_112,Group_1,Item_7,Threshold_2,1.0
1196,Person_116,Group_2,Item_7,Threshold_2,0.0
1197,Person_118,Group_2,Item_7,Threshold_2,0.0
1198,Person_128,Group_2,Item_7,Threshold_2,0.0
1199,Person_129,Group_2,Item_7,Threshold_2,1.0
1200,Person_7,Group_1,Item_7,Threshold_3,1.0
1201,Person_9,Group_2,Item_7,Threshold_3,1.0
1202,Person_16,Group_2,Item_7,Threshold_3,1.0
1203,Person_19,Group_2,Item_7,Threshold_3,1.0
1204,Person_34,Group_1,Item_7,Threshold_3,1.0
1205,Person_35,Group_2,Item_7,Threshold_3,1.0
1206,Person_37,Group_1,Item_7,Threshold_3,1.0
1207,Person_41,Group_1,Item_7,Threshold_3,1.0
1208,Person_48,Group_2,Item_7,Threshold_3,1.0
1209,Person_51,Group_2,Item_7,Threshold_3,0.0
1210,Person_54,Group_2,Item_7,Threshold_3,1.0
1211,Person_56,Group_1,Item_7,Threshold_3,1.0
1212,Person_58,Group_1,Item_7,Threshold_3,1.0
1213,Person_62,Group_1,Item_7,Threshold_3,1.0
1214,Person_65,Group_2,Item_7,Threshold_3,0.0
1215,Person_72,Group_1,Item_7,Threshold_3,0.0
1216,Person_79,Group_1,Item_7,Threshold_3,0.0
1217,Person_80,Group_1,Item_7,Threshold_3,0.0
1218,Person_82,Group_1,Item_7,Threshold_3,0.0
1219,Person_88,Group_1,Item_7,Threshold_3,0.0
1220,Person_97,Group_2,Item_7,Threshold_3,1.0
1221,Person_101,Group_2,Item_7,Threshold_3,1.0
1222,Person_102,Group_1,Item_7,Threshold_3,1.0
1223,Person_106,Group_2,Item_7,Threshold_3,0.0
1224,Person_107,Group_1,Item_7,Threshold_3,0.0
1225,Person_109,Group_2,Item_7,Threshold_3,0.0
1226,Person_111,Group_2,Item_7,Threshold_3,1.0
1227,Person_112,Group_1,Item_7,Threshold_3,0.0
1228,Person_117,Group_2,Item_7,Threshold_3,1.0
1229,Person_129,Group_2,Item_7,Threshold_3,0.0
1230,Person_132,Group_1,Item_7,Threshold_3,1.0
1231,Person_135,Group_2,Item_7,Threshold_3,1.0
1232,Person_141,Group_2,Item_7,Threshold_3,1.0
1233,Person_1,Group_1,Item_7,Threshold_4,1.0
1234,Person_3,Group_1,Item_7,Threshold_4,1.0
1235,Person_4,Group_1,Item_7,Threshold_4,1.0
1236,Person_5,Group_1,Item_7,Threshold_4,1.0
1237,Person_7,Group_1,Item_7,Threshold_4,0.0
1238,Person_8,Group_2,Item_7,Threshold_4,1.0
1239,Person_9,Group_1,Item_7,Threshold_4,0.0
1240,Person_10,Group_1,Item_7,Threshold_4,1.0
1241,Person_11,Group_2,Item_7,Threshold_4,1.0
1242,Person_15,Group_1,Item_7,Threshold_4,1.0
1243,Person_16,Group_2,Item_7,Threshold_4,0.0
1244,Person_17,Group_2,Item_7,Threshold_4,1.0
1245,Person_18,Group_1,Item_7,Threshold_4,1.0
1246,Person_19,Group_2,Item_7,Threshold_4,0.0
1247,Person_22,Group_1,Item_7,Threshold_4,1.0
1248,Person_23,Group_2,Item_7,Threshold_4,1.0
1249,Person_25,Group_1,Item_7,Threshold_4,1.0
1250,Person_26,Group_1,Item_7,Threshold_4,1.0
1251,Person_28,Group_2,Item_7,Threshold_4,1.0
1252,Person_31,Group_2,Item_7,Threshold_4,1.0
1253,Person_32,Group_1,Item_7,Threshold_4,1.0
1254,Person_34,Group_1,Item_7,Threshold_4,0.0
1255,Person_35,Group_2,Item_7,Threshold_4,0.0
1256,Person_36,Group_2,Item_7,Threshold_4,1.0
1257,Person_37,Group_1,Item_7,Threshold_4,0.0
1258,Person_39,Group_1,Item_7,Threshold_4,1.0
1259,Person_40,Group_2,Item_7,Threshold_4,1.0
1260,Person_41,Group_2,Item_7,Threshold_4,0.0
1261,Person_42,Group_2,Item_7,Threshold_4,1.0
1262,Person_43,Group_2,Item_7,Threshold_4,1.0
1263,Person_44,Group_1,Item_7,Threshold_4,1.0
1264,Person_46,Group_1,Item_7,Threshold_4,1.0
1265,Person_48,Group_2,Item_7,Threshold_4,0.0
1266,Person_49,Group_2,Item_7,Threshold_4,1.0
1267,Person_50,Group_1,Item_7,Threshold_4,1.0
1268,Person_52,Group_2,Item_7,Threshold_4,1.0
1269,Person_53,Group_2,Item_7,Threshold_4,1.0
1270,Person_54,Group_1,Item_7,Threshold_4,0.0
1271,Person_56,Group_2,Item_7,Threshold_4,0.0
1272,Person_58,Group_1,Item_7,Threshold_4,0.0
1273,Person_59,Group_1,Item_7,Threshold_4,1.0
1274,Person_60,Group_1,Item_7,Threshold_4,1.0
1275,Person_61,Group_1,Item_7,Threshold_4,1.0
1276,Person_62,Group_1,Item_7,Threshold_4,0.0
1277,Person_63,Group_2,Item_7,Threshold_4,1.0
1278,Person_64,Group_1,Item_7,Threshold_4,1.0
1279,Person_66,Group_1,Item_7,Threshold_4,1.0
1280,Person_68,Group_1,Item_7,Threshold_4,1.0
1281,Person_73,Group_2,Item_7,Threshold_4,1.0
1282,Person_74,Group_2,Item_7,Threshold_4,1.0
1283,Person_76,Group_1,Item_7,Threshold_4,1.0
1284,Person_78,Group_1,Item_7,Threshold_4,1.0
1285,Person_84,Group_1,Item_7,Threshold_4,1.0
1286,Person_85,Group_2,Item_7,Threshold_4,1.0
1287,Person_86,Group_1,Item_7,Threshold_4,1.0
1288,Person_87,Group_2,Item_7,Threshold_4,1.0
1289,Person_90,Group_2,Item_7,Threshold_4,1.0
1290,Person_91,Group_1,Item_7,Threshold_4,1.0
1291,Person_94,Group_1,Item_7,Threshold_4,1.0
1292,Person_97,Group_2,Item_7,Threshold_4,0.0
1293,Person_98,Group_2,Item_7,Threshold_4,1.0
1294,Person_99,Group_1,Item_7,Threshold_4,1.0
1295,Person_100,Group_1,Item_7,Threshold_4,1.0
1296,Person_101,Group_1,Item_7,Threshold_4,0.0
1297,Person_102,Group_2,Item_7,Threshold_4,0.0
1298,Person_103,Group_2,Item_7,Threshold_4,1.0
1299,Person_105,Group_1,Item_7,Threshold_4,1.0
1300,Person_111,Group_2,Item_7,Threshold_4,0.0
1301,Person_113,Group_2,Item_7,Threshold_4,1.0
1302,Person_117,Group_2,Item_7,Threshold_4,0.0
1303,Person_120,Group_2,Item_7,Threshold_4,1.0
1304,Person_124,Group_1,Item_7,Threshold_4,1.0
1305,Person_125,Group_1,Item_7,Threshold_4,1.0
1306,Person_127,Group_2,Item_7,Threshold_4,1.0
1307,Person_130,Group_1,Item_7,Threshold_4,1.0
1308,Person_131,Group_2,Item_7,Threshold_4,1.0
1309,Person_132,Group_1,Item_7,Threshold_4,0.0
1310,Person_133,Group_2,Item_7,Threshold_4,1.0
1311,Person_134,Group_1,Item_7,Threshold_4,1.0
1312,Person_135,Group_2,Item_7,Threshold_4,0.0
1313,Person_136,Group_2,Item_7,Threshold_4,1.0
1314,Person_137,Group_1,Item_7,Threshold_4,1.0
1315,Person_139,Group_1,Item_7,Threshold_4,1.0
1316,Person_140,Group_2,Item_7,Threshold_4,1.0
1317,Person_141,Group_2,Item_7,Threshold_4,0.0
1318,Person_2,Group_2,Item_8,Threshold_1,0.0
1319,Person_5,Group_2,Item_8,Threshold_1,0.0
1320,Person_6,Group_2,Item_8,Threshold_1,0.0
1321,Person_7,Group_1,Item_8,Threshold_1,1.0
1322,Person_12,Group_1,Item_8,Threshold_1,0.0
1323,Person_13,Group_2,Item_8,Threshold_1,0.0
1324,Person_14,Group_2,Item_8,Threshold_1,1.0
1325,Person_19,Group_2,Item_8,Threshold_1,0.0
1326,Person_20,Group_2,Item_8,Threshold_1,0.0
1327,Person_21,Group_2,Item_8,Threshold_1,0.0
1328,Person_24,Group_2,Item_8,Threshold_1,0.0
1329,Person_27,Group_2,Item_8,Threshold_1,0.0
1330,Person_29,Group_2,Item_8,Threshold_1,0.0
1331,Person_30,Group_2,Item_8,Threshold_1,1.0
1332,Person_31,Group_2,Item_8,Threshold_1,1.0
1333,Person_33,Group_1,Item_8,Threshold_1,0.0
1334,Person_34,Group_2,Item_8,Threshold_1,1.0
1335,Person_38,Group_2,Item_8,Threshold_1,0.0
1336,Person_41,Group_1,Item_8,Threshold_1,0.0
1337,Person_45,Group_1,Item_8,Threshold_1,0.0
1338,Person_47,Group_2,Item_8,Threshold_1,0.0
1339,Person_48,Group_2,Item_8,Threshold_1,1.0
1340,Person_49,Group_2,Item_8,Threshold_1,1.0
1341,Person_51,Group_1,Item_8,Threshold_1,1.0
1342,Person_54,Group_1,Item_8,Threshold_1,0.0
1343,Person_55,Group_2,Item_8,Threshold_1,0.0
1344,Person_56,Group_2,Item_8,Threshold_1,1.0
1345,Person_57,Group_2,Item_8,Threshold_1,0.0
1346,Person_58,Group_1,Item_8,Threshold_1,1.0
1347,Person_62,Group_2,Item_8,Threshold_1,0.0
1348,Person_67,Group_2,Item_8,Threshold_1,1.0
1349,Person_69,Group_2,Item_8,Threshold_1,0.0
1350,Person_70,Group_2,Item_8,Threshold_1,0.0
1351,Person_71,Group_2,Item_8,Threshold_1,0.0
1352,Person_72,Group_1,Item_8,Threshold_1,0.0
1353,Person_74,Group_2,Item_8,Threshold_1,1.0
1354,Person_75,Group_2,Item_8,Threshold_1,0.0
1355,Person_77,Group_2,Item_8,Threshold_1,0.0
1356,Person_79,Group_2,Item_8,Threshold_1,0.0
1357,Person_80,Group_1,Item_8,Threshold_1,0.0
1358,Person_81,Group_2,Item_8,Threshold_1,0.0
1359,Person_82,Group_1,Item_8,Threshold_1,0.0
1360,Person_83,Group_1,Item_8,Threshold_1,0.0
1361,Person_86,Group_2,Item_8,Threshold_1,0.0
1362,Person_88,Group_2,Item_8,Threshold_1,0.0
1363,Person_89,Group_2,Item_8,Threshold_1,0.0
1364,Person_91,Group_1,Item_8,Threshold_1,0.0
1365,Person_92,Group_1,Item_8,Threshold_1,0.0
1366,Person_93,Group_2,Item_8,Threshold_1,0.0
1367,Person_95,Group_2,Item_8,Threshold_1,0.0
1368,Person_96,Group_1,Item_8,Threshold_1,0.0
1369,Person_97,Group_1,Item_8,Threshold_1,0.0
1370,Person_101,Group_1,Item_8,Threshold_1,0.0
1371,Person_102,Group_1,Item_8,Threshold_1,0.0
1372,Person_104,Group_1,Item_8,Threshold_1,0.0
1373,Person_106,Group_1,Item_8,Threshold_1,0.0
1374,Person_107,Group_1,Item_8,Threshold_1,0.0
1375,Person_108,Group_1,Item_8,Threshold_1,0.0
1376,Person_109,Group_1,Item_8,Threshold_1,0.0
1377,Person_110,Group_1,Item_8,Threshold_1,0.0
1378,Person_111,Group_1,Item_8,Threshold_1,1.0
1379,Person_112,Group_1,Item_8,Threshold_1,0.0
1380,Person_114,Group_1,Item_8,Threshold_1,0.0
1381,Person_115,Group_2,Item_8,Threshold_1,0.0
1382,Person_116,Group_2,Item_8,Threshold_1,0.0
1383,Person_118,Group_1,Item_8,Threshold_1,0.0
1384,Person_119,Group_2,Item_8,Threshold_1,0.0
1385,Person_121,Group_2,Item_8,Threshold_1,0.0
1386,Person_122,Group_1,Item_8,Threshold_1,0.0
1387,Person_123,Group_2,Item_8,Threshold_1,0.0
1388,Person_126,Group_2,Item_8,Threshold_1,0.0
1389,Person_128,Group_2,Item_8,Threshold_1,0.0
1390,Person_129,Group_1,Item_8,Threshold_1,0.0
1391,Person_133,Group_2,Item_8,Threshold_1,1.0
1392,Person_138,Group_1,Item_8,Threshold_1,0.0
1393,Person_141,Group_2,Item_8,Threshold_1,0.0
1394,Person_1,Group_1,Item_8,Threshold_2,1.0
1395,Person_7,Group_1,Item_8,Threshold_2,0.0
1396,Person_9,Group_1,Item_8,Threshold_2,1.0
1397,Person_14,Group_2,Item_8,Threshold_2,0.0
1398,Person_16,Group_2,Item_8,Threshold_2,1.0
1399,Person_30,Group_1,Item_8,Threshold_2,0.0
1400,Person_31,Group_2,Item_8,Threshold_2,0.0
1401,Person_34,Group_1,Item_8,Threshold_2,0.0
1402,Person_36,Group_2,Item_8,Threshold_2,1.0
1403,Person_37,Group_1,Item_8,Threshold_2,1.0
1404,Person_48,Group_1,Item_8,Threshold_2,0.0
1405,Person_49,Group_2,Item_8,Threshold_2,0.0
1406,Person_51,Group_2,Item_8,Threshold_2,0.0
1407,Person_56,Group_1,Item_8,Threshold_2,0.0
1408,Person_58,Group_2,Item_8,Threshold_2,0.0
1409,Person_60,Group_2,Item_8,Threshold_2,1.0
1410,Person_61,Group_1,Item_8,Threshold_2,1.0
1411,Person_65,Group_2,Item_8,Threshold_2,1.0
1412,Person_67,Group_2,Item_8,Threshold_2,0.0
1413,Person_74,Group_2,Item_8,Threshold_2,0.0
1414,Person_87,Group_1,Item_8,Threshold_2,1.0
1415,Person_99,Group_2,Item_8,Threshold_2,1.0
1416,Person_111,Group_1,Item_8,Threshold_2,0.0
1417,Person_124,Group_1,Item_8,Threshold_2,1.0
1418,Person_132,Group_2,Item_8,Threshold_2,1.0
1419,Person_133,Group_2,Item_8,Threshold_2,0.0
1420,Person_135,Group_1,Item_8,Threshold_2,1.0
1421,Person_1,Group_1,Item_8,Threshold_3,0.0
1422,Person_4,Group_1,Item_8,Threshold_3,1.0
1423,Person_9,Group_1,Item_8,Threshold_3,0.0
1424,Person_10,Group_1,Item_8,Threshold_3,1.0
1425,Person_16,Group_2,Item_8,Threshold_3,0.0
1426,Person_17,Group_2,Item_8,Threshold_3,1.0
1427,Person_23,Group_2,Item_8,Threshold_3,1.0
1428,Person_25,Group_2,Item_8,Threshold_3,1.0
1429,Person_35,Group_1,Item_8,Threshold_3,1.0
1430,Person_36,Group_1,Item_8,Threshold_3,0.0
1431,Person_37,Group_1,Item_8,Threshold_3,0.0
1432,Person_39,Group_2,Item_8,Threshold_3,1.0
1433,Person_43,Group_1,Item_8,Threshold_3,1.0
1434,Person_59,Group_1,Item_8,Threshold_3,1.0
1435,Person_60,Group_2,Item_8,Threshold_3,0.0
1436,Person_61,Group_1,Item_8,Threshold_3,0.0
1437,Person_63,Group_1,Item_8,Threshold_3,1.0
1438,Person_64,Group_1,Item_8,Threshold_3,1.0
1439,Person_65,Group_2,Item_8,Threshold_3,0.0
1440,Person_66,Group_1,Item_8,Threshold_3,1.0
1441,Person_68,Group_2,Item_8,Threshold_3,1.0
1442,Person_87,Group_1,Item_8,Threshold_3,0.0
1443,Person_99,Group_1,Item_8,Threshold_3,0.0
1444,Person_103,Group_1,Item_8,Threshold_3,1.0
1445,Person_117,Group_1,Item_8,Threshold_3,1.0
1446,Person_120,Group_2,Item_8,Threshold_3,1.0
1447,Person_124,Group_1,Item_8,Threshold_3,0.0
1448,Person_125,Group_2,Item_8,Threshold_3,1.0
1449,Person_127,Group_2,Item_8,Threshold_3,1.0
1450,Person_132,Group_1,Item_8,Threshold_3,0.0
1451,Person_135,Group_1,Item_8,Threshold_3,0.0
1452,Person_3,Group_2,Item_8,Threshold_4,1.0
1453,Person_4,Group_1,Item_8,Threshold_4,0.0
1454,Person_8,Group_2,Item_8,Threshold_4,1.0
1455,Person_10,Group_1,Item_8,Threshold_4,0.0
1456,Person_11,Group_2,Item_8,Threshold_4,1.0
1457,Person_15,Group_2,Item_8,Threshold_4,1.0
1458,Person_17,Group_1,Item_8,Threshold_4,0.0
1459,Person_18,Group_1,Item_8,Threshold_4,1.0
1460,Person_22,Group_2,Item_8,Threshold_4,1.0
1461,Person_23,Group_1,Item_8,Threshold_4,0.0
1462,Person_25,Group_1,Item_8,Threshold_4,0.0
1463,Person_26,Group_2,Item_8,Threshold_4,1.0
1464,Person_28,Group_2,Item_8,Threshold_4,1.0
1465,Person_32,Group_2,Item_8,Threshold_4,1.0
1466,Person_35,Group_2,Item_8,Threshold_4,0.0
1467,Person_39,Group_1,Item_8,Threshold_4,0.0
1468,Person_40,Group_1,Item_8,Threshold_4,1.0
1469,Person_42,Group_1,Item_8,Threshold_4,1.0
1470,Person_43,Group_1,Item_8,Threshold_4,0.0
1471,Person_44,Group_1,Item_8,Threshold_4,1.0
1472,Person_46,Group_1,Item_8,Threshold_4,1.0
1473,Person_50,Group_2,Item_8,Threshold_4,1.0
1474,Person_52,Group_2,Item_8,Threshold_4,1.0
1475,Person_53,Group_1,Item_8,Threshold_4,1.0
1476,Person_59,Group_2,Item_8,Threshold_4,0.0
1477,Person_63,Group_1,Item_8,Threshold_4,0.0
1478,Person_64,Group_2,Item_8,Threshold_4,0.0
1479,Person_66,Group_1,Item_8,Threshold_4,0.0
1480,Person_68,Group_1,Item_8,Threshold_4,0.0
1481,Person_73,Group_1,Item_8,Threshold_4,1.0
1482,Person_76,Group_2,Item_8,Threshold_4,1.0
1483,Person_78,Group_2,Item_8,Threshold_4,1.0
1484,Person_84,Group_1,Item_8,Threshold_4,1.0
1485,Person_85,Group_1,Item_8,Threshold_4,1.0
1486,Person_90,Group_1,Item_8,Threshold_4,1.0
1487,Person_94,Group_2,Item_8,Threshold_4,1.0
1488,Person_98,Group_1,Item_8,Threshold_4,1.0
1489,Person_100,Group_1,Item_8,Threshold_4,1.0
1490,Person_103,Group_1,Item_8,Threshold_4,0.0
1491,Person_105,Group_1,Item_8,Threshold_4,1.0
1492,Person_113,Group_1,Item_8,Threshold_4,1.0
1493,Person_117,Group_1,Item_8,Threshold_4,0.0
1494,Person_120,Group_2,Item_8,Threshold_4,0.0
1495,Person_125,Group_2,Item_8,Threshold_4,0.0
1496,Person_127,Group_2,Item_8,Threshold_4,0.0
1497,Person_130,Group_2,Item_8,Threshold_4,1.0
1498,Person_131,Group_2,Item_8,Threshold_4,1.0
1499,Person_134,Group_1,Item_8,Threshold_4,1.0
1500,Person_136,Group_2,Item_8,Threshold_4,1.0
1501,Person_137,Group_1,Item_8,Threshold_4,1.0
1502,Person_139,Group_1,Item_8,Threshold_4,1.0
1503,Person_140,Group_2,Item_8,Threshold_4,1.0
