,,Item_1,Item_2,Item_3,Item_4,Item_5,Item_6,Item_7,Item_8
Rater_1,Person_1,2.0,4.0,5.0,4.0,4.0,4.0,2.0,2.0
Rater_1,Person_2,2.0,4.0,4.0,3.0,3.0,3.0,0.0,1.0
Rater_1,Person_3,3.0,4.0,4.0,4.0,3.0,5.0,3.0,1.0
Rater_1,Person_4,1.0,3.0,4.0,3.0,2.0,5.0,2.0,1.0
Rater_1,Person_5,1.0,3.0,3.0,3.0,3.0,4.0,2.0,1.0
Rater_1,Person_6,0.0,3.0,3.0,1.0,0.0,3.0,0.0,0.0
Rater_1,Person_7,1.0,3.0,2.0,3.0,3.0,4.0,3.0,3.0
Rater_1,Person_8,2.0,3.0,3.0,3.0,1.0,3.0,1.0,2.0
Rater_1,Person_9,3.0,4.0,4.0,3.0,4.0,5.0,2.0,1.0
Rater_1,Person_10,3.0,5.0,3.0,3.0,3.0,4.0,3.0,2.0
Rater_1,Person_11,3.0,5.0,4.0,3.0,3.0,5.0,2.0,1.0
Rater_1,Person_12,3.0,4.0,4.0,4.0,4.0,5.0,2.0,2.0
Rater_1,Person_13,0.0,2.0,2.0,2.0,1.0,3.0,1.0,1.0
Rater_1,Person_14,2.0,4.0,2.0,4.0,3.0,4.0,3.0,3.0
Rater_1,Person_15,4.0,4.0,4.0,4.0,4.0,5.0,4.0,3.0
Rater_1,Person_16,2.0,3.0,4.0,4.0,3.0,4.0,2.0,1.0
Rater_1,Person_17,2.0,3.0,3.0,3.0,3.0,4.0,2.0,2.0
Rater_1,Person_18,3.0,4.0,4.0,4.0,4.0,5.0,3.0,2.0
Rater_1,Person_19,1.0,4.0,3.0,2.0,2.0,3.0,1.0,1.0
Rater_1,Person_20,1.0,3.0,4.0,3.0,3.0,5.0,4.0,1.0
Rater_1,Person_21,2.0,2.0,4.0,3.0,2.0,3.0,1.0,2.0
Rater_1,Person_22,2.0,3.0,2.0,2.0,1.0,4.0,0.0,1.0
Rater_1,Person_23,3.0,2.0,4.0,3.0,4.0,4.0,3.0,3.0
Rater_1,Person_24,2.0,4.0,3.0,1.0,3.0,4.0,1.0,0.0
Rater_1,Person_25,3.0,4.0,4.0,4.0,4.0,5.0,2.0,3.0
Rater_1,Person_26,5.0,5.0,4.0,4.0,4.0,5.0,3.0,3.0
Rater_1,Person_27,3.0,3.0,4.0,2.0,3.0,5.0,1.0,3.0
Rater_1,Person_28,3.0,4.0,4.0,4.0,4.0,3.0,2.0,3.0
Rater_1,Person_29,0.0,1.0,1.0,3.0,2.0,3.0,0.0,0.0
Rater_1,Person_30,2.0,4.0,3.0,3.0,3.0,3.0,2.0,1.0
Rater_1,Person_31,3.0,3.0,3.0,3.0,3.0,4.0,2.0,3.0
Rater_1,Person_32,0.0,0.0,0.0,1.0,0.0,3.0,0.0,0.0
Rater_1,Person_33,1.0,3.0,4.0,3.0,3.0,4.0,3.0,1.0
Rater_1,Person_34,2.0,3.0,3.0,3.0,2.0,3.0,3.0,2.0
Rater_1,Person_35,2.0,3.0,3.0,4.0,3.0,3.0,3.0,3.0
Rater_1,Person_36,3.0,3.0,4.0,3.0,4.0,4.0,3.0,1.0
Rater_1,Person_37,3.0,3.0,4.0,3.0,4.0,4.0,3.0,2.0
Rater_1,Person_38,2.0,3.0,4.0,3.0,3.0,4.0,1.0,1.0
Rater_1,Person_39,3.0,5.0,4.0,4.0,2.0,5.0,3.0,1.0
Rater_1,Person_40,3.0,3.0,3.0,4.0,4.0,4.0,3.0,1.0
Rater_1,Person_41,1.0,4.0,3.0,4.0,3.0,3.0,3.0,1.0
Rater_1,Person_42,1.0,1.0,1.0,1.0,0.0,3.0,0.0,0.0
Rater_1,Person_43,1.0,2.0,2.0,3.0,1.0,4.0,2.0,0.0
Rater_1,Person_44,2.0,3.0,3.0,3.0,3.0,4.0,2.0,0.0
Rater_1,Person_45,3.0,3.0,3.0,3.0,4.0,4.0,4.0,2.0
Rater_1,Person_46,1.0,3.0,3.0,3.0,2.0,4.0,1.0,0.0
Rater_1,Person_47,2.0,2.0,3.0,2.0,2.0,3.0,2.0,1.0
Rater_1,Person_48,3.0,3.0,4.0,2.0,3.0,4.0,2.0,3.0
Rater_1,Person_49,1.0,3.0,3.0,3.0,3.0,4.0,3.0,0.0
Rater_1,Person_50,3.0,5.0,5.0,4.0,5.0,5.0,4.0,4.0
Rater_1,Person_51,1.0,2.0,3.0,2.0,1.0,2.0,1.0,1.0
Rater_1,Person_52,3.0,2.0,3.0,1.0,0.0,3.0,1.0,0.0
Rater_1,Person_53,3.0,4.0,5.0,4.0,3.0,4.0,4.0,2.0
Rater_1,Person_54,2.0,3.0,5.0,5.0,3.0,4.0,3.0,1.0
Rater_1,Person_55,2.0,5.0,4.0,4.0,3.0,4.0,2.0,2.0
Rater_1,Person_56,3.0,4.0,4.0,4.0,3.0,5.0,3.0,3.0
Rater_1,Person_57,2.0,3.0,3.0,3.0,1.0,3.0,3.0,1.0
Rater_1,Person_58,1.0,3.0,3.0,2.0,2.0,3.0,0.0,0.0
Rater_1,Person_59,1.0,4.0,3.0,4.0,2.0,4.0,1.0,2.0
Rater_1,Person_60,3.0,5.0,4.0,4.0,4.0,5.0,3.0,3.0
Rater_1,Person_61,3.0,4.0,4.0,4.0,2.0,5.0,2.0,1.0
Rater_1,Person_62,1.0,5.0,1.0,3.0,3.0,4.0,2.0,1.0
Rater_1,Person_63,3.0,4.0,4.0,4.0,4.0,3.0,3.0,1.0
Rater_1,Person_64,2.0,3.0,3.0,3.0,3.0,2.0,3.0,2.0
Rater_1,Person_65,3.0,3.0,3.0,3.0,3.0,3.0,2.0,0.0
Rater_1,Person_66,3.0,3.0,4.0,3.0,3.0,4.0,2.0,2.0
Rater_1,Person_67,2.0,3.0,3.0,2.0,3.0,5.0,1.0,1.0
Rater_1,Person_68,0.0,3.0,3.0,2.0,1.0,3.0,1.0,0.0
Rater_1,Person_69,1.0,3.0,1.0,3.0,1.0,2.0,0.0,0.0
Rater_1,Person_70,3.0,5.0,4.0,3.0,4.0,4.0,3.0,3.0
Rater_1,Person_71,0.0,3.0,2.0,2.0,2.0,3.0,1.0,0.0
Rater_1,Person_72,1.0,3.0,2.0,2.0,2.0,4.0,1.0,1.0
Rater_1,Person_73,2.0,2.0,4.0,2.0,2.0,2.0,1.0,1.0
Rater_1,Person_74,4.0,5.0,5.0,4.0,3.0,4.0,4.0,4.0
Rater_1,Person_75,2.0,3.0,2.0,2.0,3.0,4.0,3.0,0.0
Rater_1,Person_76,1.0,3.0,2.0,4.0,1.0,3.0,3.0,1.0
Rater_1,Person_77,0.0,3.0,2.0,2.0,0.0,3.0,1.0,0.0
Rater_1,Person_78,0.0,2.0,2.0,1.0,0.0,0.0,0.0,1.0
Rater_1,Person_79,3.0,4.0,4.0,3.0,3.0,4.0,2.0,2.0
Rater_1,Person_80,3.0,4.0,4.0,4.0,3.0,5.0,1.0,3.0
Rater_1,Person_81,0.0,1.0,1.0,1.0,0.0,2.0,0.0,0.0
Rater_1,Person_82,1.0,3.0,4.0,3.0,3.0,4.0,0.0,1.0
Rater_1,Person_83,0.0,0.0,2.0,0.0,0.0,2.0,0.0,0.0
Rater_1,Person_84,1.0,3.0,3.0,2.0,2.0,3.0,2.0,0.0
Rater_1,Person_85,1.0,4.0,4.0,2.0,3.0,5.0,3.0,1.0
Rater_1,Person_86,2.0,3.0,3.0,3.0,3.0,5.0,1.0,2.0
Rater_1,Person_87,2.0,3.0,4.0,3.0,3.0,3.0,2.0,2.0
Rater_1,Person_88,1.0,2.0,2.0,2.0,2.0,3.0,1.0,0.0
Rater_1,Person_89,3.0,4.0,4.0,4.0,3.0,4.0,5.0,2.0
Rater_1,Person_90,1.0,3.0,3.0,4.0,3.0,3.0,2.0,1.0
Rater_1,Person_91,3.0,4.0,4.0,5.0,5.0,4.0,3.0,1.0
Rater_1,Person_92,3.0,4.0,4.0,4.0,4.0,4.0,3.0,3.0
Rater_1,Person_93,1.0,3.0,3.0,3.0,2.0,4.0,3.0,2.0
Rater_1,Person_94,3.0,5.0,5.0,3.0,5.0,5.0,3.0,3.0
Rater_1,Person_95,1.0,4.0,4.0,4.0,3.0,4.0,3.0,2.0
Rater_1,Person_96,3.0,2.0,4.0,3.0,3.0,3.0,2.0,1.0
Rater_1,Person_97,3.0,4.0,3.0,4.0,4.0,4.0,3.0,2.0
Rater_1,Person_98,3.0,4.0,3.0,4.0,3.0,5.0,3.0,3.0
Rater_1,Person_99,3.0,3.0,5.0,4.0,4.0,4.0,3.0,2.0
Rater_1,Person_100,3.0,4.0,3.0,3.0,2.0,3.0,1.0,0.0
Rater_1,Person_101,2.0,3.0,4.0,3.0,2.0,5.0,2.0,1.0
Rater_1,Person_102,2.0,3.0,3.0,2.0,3.0,4.0,3.0,1.0
Rater_1,Person_103,0.0,1.0,1.0,1.0,0.0,2.0,0.0,0.0
Rater_1,Person_104,2.0,3.0,3.0,4.0,1.0,3.0,1.0,1.0
Rater_1,Person_105,1.0,3.0,3.0,2.0,3.0,3.0,2.0,1.0
Rater_1,Person_106,1.0,3.0,4.0,1.0,1.0,3.0,3.0,0.0
Rater_1,Person_107,4.0,3.0,4.0,4.0,4.0,4.0,4.0,3.0
Rater_1,Person_108,2.0,3.0,4.0,3.0,3.0,4.0,3.0,0.0
Rater_1,Person_109,3.0,4.0,5.0,4.0,4.0,5.0,4.0,4.0
Rater_1,Person_110,0.0,1.0,2.0,1.0,1.0,1.0,0.0,1.0
Rater_1,Person_111,4.0,4.0,3.0,4.0,3.0,5.0,3.0,2.0
Rater_1,Person_112,2.0,3.0,3.0,2.0,3.0,4.0,3.0,1.0
Rater_1,Person_113,4.0,4.0,3.0,3.0,4.0,5.0,3.0,2.0
Rater_1,Person_114,3.0,4.0,4.0,3.0,4.0,5.0,2.0,1.0
Rater_1,Person_115,1.0,3.0,2.0,2.0,2.0,3.0,1.0,1.0
Rater_1,Person_116,3.0,3.0,1.0,4.0,2.0,4.0,4.0,2.0
Rater_1,Person_117,2.0,3.0,3.0,4.0,3.0,5.0,2.0,2.0
Rater_1,Person_118,2.0,3.0,3.0,4.0,3.0,3.0,2.0,1.0
Rater_1,Person_119,4.0,4.0,4.0,4.0,4.0,4.0,3.0,3.0
Rater_1,Person_120,1.0,4.0,2.0,4.0,1.0,3.0,1.0,0.0
Rater_1,Person_121,2.0,3.0,3.0,3.0,3.0,4.0,2.0,3.0
Rater_1,Person_122,1.0,2.0,3.0,2.0,3.0,4.0,1.0,1.0
Rater_1,Person_123,4.0,4.0,4.0,4.0,3.0,5.0,4.0,3.0
Rater_1,Person_124,1.0,3.0,3.0,2.0,3.0,3.0,0.0,1.0
Rater_1,Person_125,1.0,3.0,3.0,2.0,2.0,4.0,2.0,1.0
Rater_1,Person_126,0.0,2.0,3.0,2.0,1.0,3.0,1.0,0.0
Rater_1,Person_127,1.0,2.0,1.0,2.0,1.0,4.0,1.0,1.0
Rater_1,Person_128,0.0,2.0,3.0,2.0,1.0,4.0,1.0,0.0
Rater_1,Person_129,3.0,3.0,3.0,3.0,2.0,3.0,2.0,3.0
Rater_1,Person_130,1.0,3.0,3.0,3.0,3.0,1.0,2.0,0.0
Rater_1,Person_131,2.0,3.0,2.0,2.0,2.0,4.0,0.0,0.0
Rater_1,Person_132,4.0,4.0,5.0,4.0,4.0,5.0,4.0,3.0
Rater_1,Person_133,1.0,2.0,2.0,3.0,1.0,3.0,2.0,0.0
Rater_1,Person_134,3.0,3.0,3.0,3.0,3.0,5.0,3.0,3.0
Rater_1,Person_135,1.0,4.0,3.0,2.0,2.0,3.0,0.0,0.0
Rater_1,Person_136,2.0,3.0,3.0,3.0,4.0,4.0,2.0,2.0
Rater_1,Person_137,2.0,3.0,3.0,3.0,3.0,4.0,0.0,2.0
Rater_1,Person_138,1.0,2.0,2.0,3.0,3.0,3.0,3.0,0.0
Rater_1,Person_139,1.0,4.0,4.0,4.0,3.0,4.0,3.0,2.0
Rater_1,Person_140,2.0,3.0,2.0,1.0,3.0,3.0,0.0,0.0
Rater_1,Person_141,2.0,3.0,4.0,4.0,4.0,4.0,1.0,1.0
Rater_1,Person_142,1.0,2.0,3.0,2.0,1.0,3.0,2.0,0.0
Rater_1,Person_143,3.0,4.0,5.0,4.0,4.0,5.0,3.0,2.0
Rater_1,Person_144,3.0,5.0,4.0,2.0,3.0,4.0,2.0,1.0
Rater_1,Person_145,2.0,4.0,3.0,3.0,2.0,3.0,3.0,3.0
Rater_1,Person_146,3.0,4.0,3.0,3.0,1.0,4.0,3.0,0.0
Rater_1,Person_147,3.0,3.0,3.0,4.0,2.0,4.0,3.0,1.0
Rater_1,Person_148,4.0,5.0,4.0,4.0,3.0,5.0,3.0,1.0
Rater_1,Person_149,3.0,5.0,4.0,5.0,5.0,5.0,3.0,3.0
Rater_1,Person_150,3.0,3.0,3.0,1.0,2.0,4.0,1.0,0.0
Rater_1,Person_151,2.0,5.0,3.0,3.0,2.0,4.0,1.0,2.0
Rater_1,Person_152,3.0,4.0,3.0,3.0,4.0,4.0,3.0,3.0
Rater_1,Person_153,1.0,3.0,2.0,2.0,1.0,1.0,2.0,1.0
Rater_1,Person_154,0.0,1.0,1.0,2.0,0.0,3.0,1.0,0.0
Rater_1,Person_155,2.0,3.0,3.0,3.0,2.0,4.0,2.0,1.0
Rater_1,Person_156,2.0,5.0,3.0,3.0,3.0,3.0,3.0,2.0
Rater_1,Person_157,0.0,3.0,2.0,2.0,3.0,4.0,2.0,1.0
Rater_1,Person_158,1.0,4.0,3.0,4.0,2.0,4.0,3.0,1.0
Rater_1,Person_159,0.0,3.0,3.0,2.0,2.0,3.0,1.0,0.0
Rater_1,Person_160,3.0,3.0,4.0,3.0,4.0,4.0,1.0,3.0
Rater_1,Person_161,3.0,3.0,4.0,4.0,3.0,4.0,3.0,3.0
Rater_1,Person_162,4.0,5.0,4.0,4.0,3.0,4.0,4.0,2.0
Rater_1,Person_163,0.0,3.0,3.0,2.0,1.0,3.0,1.0,0.0
Rater_1,Person_164,1.0,3.0,3.0,3.0,2.0,4.0,2.0,1.0
Rater_1,Person_165,0.0,1.0,1.0,0.0,0.0,3.0,0.0,0.0
Rater_1,Person_166,3.0,3.0,3.0,3.0,3.0,4.0,3.0,1.0
Rater_1,Person_167,0.0,3.0,1.0,3.0,2.0,3.0,1.0,0.0
Rater_1,Person_168,0.0,1.0,2.0,1.0,0.0,3.0,1.0,0.0
Rater_1,Person_169,1.0,3.0,2.0,3.0,3.0,4.0,2.0,1.0
Rater_1,Person_170,2.0,3.0,1.0,4.0,1.0,3.0,0.0,1.0
Rater_1,Person_171,4.0,3.0,3.0,4.0,2.0,5.0,3.0,3.0
Rater_1,Person_172,2.0,3.0,4.0,5.0,3.0,5.0,3.0,2.0
Rater_1,Person_173,3.0,5.0,5.0,5.0,3.0,4.0,3.0,2.0
Rater_1,Person_174,3.0,3.0,3.0,3.0,3.0,3.0,1.0,0.0
Rater_1,Person_175,4.0,4.0,4.0,4.0,4.0,4.0,3.0,4.0
Rater_1,Person_176,5.0,4.0,5.0,4.0,4.0,5.0,3.0,4.0
Rater_1,Person_177,2.0,3.0,3.0,3.0,2.0,4.0,1.0,1.0
Rater_1,Person_178,3.0,4.0,4.0,4.0,3.0,4.0,3.0,4.0
Rater_1,Person_179,2.0,3.0,3.0,2.0,0.0,4.0,2.0,2.0
Rater_1,Person_180,1.0,1.0,3.0,2.0,3.0,3.0,2.0,1.0
Rater_1,Person_181,1.0,3.0,2.0,1.0,1.0,4.0,2.0,1.0
Rater_1,Person_182,3.0,4.0,2.0,3.0,3.0,5.0,1.0,2.0
Rater_1,Person_183,3.0,3.0,3.0,4.0,3.0,4.0,3.0,1.0
Rater_1,Person_184,2.0,3.0,3.0,2.0,3.0,4.0,1.0,2.0
Rater_1,Person_185,0.0,3.0,3.0,2.0,3.0,4.0,2.0,0.0
Rater_1,Person_186,2.0,4.0,4.0,3.0,3.0,5.0,3.0,3.0
Rater_1,Person_187,1.0,4.0,4.0,5.0,3.0,3.0,2.0,3.0
Rater_1,Person_188,3.0,2.0,4.0,2.0,2.0,4.0,0.0,0.0
Rater_1,Person_189,2.0,3.0,2.0,3.0,1.0,4.0,1.0,1.0
Rater_1,Person_190,2.0,3.0,2.0,3.0,2.0,3.0,1.0,1.0
Rater_1,Person_191,4.0,4.0,4.0,4.0,3.0,5.0,3.0,2.0
Rater_1,Person_192,1.0,4.0,3.0,4.0,2.0,4.0,2.0,2.0
Rater_1,Person_193,3.0,3.0,4.0,4.0,2.0,4.0,3.0,3.0
Rater_1,Person_194,0.0,4.0,3.0,3.0,3.0,3.0,1.0,1.0
Rater_1,Person_195,1.0,3.0,1.0,3.0,3.0,3.0,2.0,1.0
Rater_1,Person_196,0.0,1.0,4.0,1.0,1.0,3.0,0.0,0.0
Rater_1,Person_197,3.0,4.0,4.0,4.0,3.0,4.0,3.0,2.0
Rater_1,Person_198,3.0,3.0,3.0,4.0,2.0,4.0,3.0,3.0
Rater_1,Person_199,1.0,2.0,3.0,3.0,2.0,4.0,1.0,0.0
Rater_1,Person_200,0.0,2.0,3.0,3.0,0.0,3.0,1.0,0.0
Rater_2,Person_1,2.0,5.0,4.0,5.0,5.0,4.0,3.0,4.0
Rater_2,Person_2,2.0,3.0,2.0,4.0,3.0,1.0,3.0,1.0
Rater_2,Person_3,3.0,5.0,4.0,5.0,3.0,4.0,4.0,4.0
Rater_2,Person_4,1.0,3.0,3.0,3.0,3.0,3.0,3.0,2.0
Rater_2,Person_5,0.0,3.0,3.0,4.0,3.0,3.0,1.0,4.0
Rater_2,Person_6,1.0,4.0,3.0,2.0,1.0,3.0,1.0,2.0
Rater_2,Person_7,1.0,5.0,4.0,3.0,2.0,5.0,3.0,3.0
Rater_2,Person_8,2.0,3.0,3.0,4.0,2.0,2.0,1.0,2.0
Rater_2,Person_9,1.0,3.0,4.0,4.0,3.0,4.0,4.0,1.0
Rater_2,Person_10,3.0,4.0,3.0,5.0,3.0,3.0,2.0,3.0
Rater_2,Person_11,2.0,4.0,3.0,4.0,4.0,3.0,3.0,3.0
Rater_2,Person_12,3.0,4.0,5.0,5.0,3.0,3.0,3.0,3.0
Rater_2,Person_13,0.0,2.0,2.0,3.0,2.0,2.0,0.0,1.0
Rater_2,Person_14,2.0,4.0,3.0,4.0,4.0,4.0,3.0,3.0
Rater_2,Person_15,3.0,5.0,5.0,5.0,5.0,4.0,3.0,4.0
Rater_2,Person_16,2.0,4.0,4.0,5.0,4.0,3.0,3.0,3.0
Rater_2,Person_17,1.0,4.0,4.0,5.0,3.0,3.0,3.0,3.0
Rater_2,Person_18,1.0,3.0,4.0,3.0,3.0,3.0,3.0,2.0
Rater_2,Person_19,1.0,3.0,2.0,3.0,2.0,3.0,2.0,1.0
Rater_2,Person_20,3.0,5.0,4.0,4.0,3.0,3.0,3.0,3.0
Rater_2,Person_21,3.0,4.0,3.0,3.0,3.0,3.0,3.0,3.0
Rater_2,Person_22,1.0,3.0,2.0,3.0,3.0,2.0,2.0,2.0
Rater_2,Person_23,2.0,3.0,4.0,4.0,3.0,4.0,2.0,3.0
Rater_2,Person_24,2.0,3.0,4.0,4.0,3.0,3.0,1.0,3.0
Rater_2,Person_25,3.0,5.0,4.0,4.0,3.0,4.0,5.0,3.0
Rater_2,Person_26,4.0,5.0,5.0,5.0,4.0,5.0,4.0,4.0
Rater_2,Person_27,0.0,3.0,4.0,4.0,3.0,3.0,3.0,2.0
Rater_2,Person_28,2.0,4.0,3.0,4.0,2.0,3.0,3.0,3.0
Rater_2,Person_29,0.0,2.0,0.0,3.0,2.0,3.0,0.0,1.0
Rater_2,Person_30,1.0,5.0,3.0,3.0,4.0,3.0,3.0,3.0
Rater_2,Person_31,1.0,4.0,4.0,4.0,1.0,4.0,3.0,3.0
Rater_2,Person_32,0.0,1.0,1.0,2.0,0.0,0.0,0.0,1.0
Rater_2,Person_33,2.0,3.0,3.0,3.0,3.0,4.0,1.0,2.0
Rater_2,Person_34,1.0,3.0,3.0,4.0,1.0,2.0,1.0,2.0
Rater_2,Person_35,0.0,2.0,3.0,3.0,3.0,3.0,1.0,3.0
Rater_2,Person_36,2.0,4.0,4.0,2.0,3.0,3.0,3.0,3.0
Rater_2,Person_37,4.0,4.0,3.0,4.0,4.0,3.0,3.0,3.0
Rater_2,Person_38,1.0,5.0,4.0,4.0,4.0,3.0,2.0,3.0
Rater_2,Person_39,3.0,3.0,4.0,4.0,4.0,5.0,4.0,4.0
Rater_2,Person_40,3.0,4.0,4.0,4.0,3.0,3.0,1.0,3.0
Rater_2,Person_41,2.0,4.0,4.0,2.0,3.0,3.0,3.0,3.0
Rater_2,Person_42,0.0,1.0,1.0,1.0,2.0,0.0,1.0,1.0
Rater_2,Person_43,1.0,3.0,3.0,5.0,3.0,2.0,2.0,2.0
Rater_2,Person_44,1.0,4.0,2.0,4.0,3.0,3.0,3.0,1.0
Rater_2,Person_45,2.0,3.0,4.0,4.0,4.0,4.0,3.0,2.0
Rater_2,Person_46,0.0,3.0,2.0,4.0,2.0,3.0,1.0,0.0
Rater_2,Person_47,0.0,3.0,3.0,3.0,1.0,1.0,3.0,1.0
Rater_2,Person_48,1.0,3.0,3.0,3.0,3.0,3.0,3.0,3.0
Rater_2,Person_49,1.0,2.0,3.0,3.0,2.0,2.0,1.0,0.0
Rater_2,Person_50,4.0,4.0,5.0,4.0,4.0,4.0,4.0,5.0
Rater_2,Person_51,2.0,4.0,2.0,4.0,2.0,3.0,1.0,0.0
Rater_2,Person_52,0.0,3.0,1.0,3.0,1.0,2.0,1.0,1.0
Rater_2,Person_53,3.0,4.0,4.0,5.0,3.0,5.0,4.0,4.0
Rater_2,Person_54,4.0,4.0,4.0,5.0,4.0,3.0,2.0,3.0
Rater_2,Person_55,1.0,4.0,3.0,4.0,4.0,4.0,3.0,3.0
Rater_2,Person_56,3.0,5.0,4.0,5.0,3.0,4.0,3.0,3.0
Rater_2,Person_57,1.0,4.0,2.0,4.0,4.0,4.0,3.0,2.0
Rater_2,Person_58,0.0,3.0,2.0,3.0,3.0,4.0,3.0,3.0
Rater_2,Person_59,1.0,3.0,3.0,4.0,2.0,1.0,3.0,2.0
Rater_2,Person_60,4.0,4.0,5.0,5.0,4.0,5.0,4.0,3.0
Rater_2,Person_61,2.0,3.0,3.0,4.0,3.0,2.0,4.0,3.0
Rater_2,Person_62,1.0,3.0,3.0,5.0,3.0,3.0,3.0,3.0
Rater_2,Person_63,2.0,4.0,4.0,5.0,4.0,2.0,3.0,3.0
Rater_2,Person_64,2.0,3.0,2.0,4.0,2.0,3.0,3.0,1.0
Rater_2,Person_65,1.0,3.0,2.0,3.0,2.0,2.0,1.0,3.0
Rater_2,Person_66,2.0,3.0,3.0,4.0,2.0,3.0,2.0,2.0
Rater_2,Person_67,2.0,3.0,3.0,3.0,2.0,3.0,2.0,3.0
Rater_2,Person_68,0.0,3.0,2.0,4.0,3.0,3.0,0.0,1.0
Rater_2,Person_69,0.0,3.0,2.0,3.0,3.0,2.0,1.0,1.0
Rater_2,Person_70,3.0,4.0,5.0,4.0,4.0,4.0,3.0,4.0
Rater_2,Person_71,0.0,3.0,3.0,1.0,2.0,1.0,1.0,2.0
Rater_2,Person_72,1.0,4.0,2.0,3.0,3.0,1.0,2.0,1.0
Rater_2,Person_73,2.0,3.0,2.0,4.0,2.0,2.0,3.0,3.0
Rater_2,Person_74,3.0,4.0,4.0,5.0,4.0,4.0,3.0,4.0
Rater_2,Person_75,2.0,4.0,3.0,3.0,2.0,2.0,1.0,2.0
Rater_2,Person_76,1.0,3.0,3.0,3.0,3.0,3.0,2.0,3.0
Rater_2,Person_77,1.0,3.0,2.0,3.0,2.0,2.0,3.0,1.0
Rater_2,Person_78,0.0,2.0,2.0,3.0,1.0,0.0,1.0,0.0
Rater_2,Person_79,2.0,4.0,3.0,5.0,2.0,2.0,3.0,3.0
Rater_2,Person_80,3.0,4.0,5.0,5.0,4.0,5.0,3.0,3.0
Rater_2,Person_81,1.0,2.0,2.0,3.0,1.0,2.0,0.0,0.0
Rater_2,Person_82,1.0,3.0,3.0,3.0,4.0,3.0,2.0,1.0
Rater_2,Person_83,0.0,3.0,1.0,3.0,0.0,1.0,0.0,1.0
Rater_2,Person_84,1.0,3.0,3.0,4.0,3.0,3.0,0.0,2.0
Rater_2,Person_85,1.0,3.0,2.0,4.0,1.0,4.0,1.0,2.0
Rater_2,Person_86,3.0,3.0,4.0,4.0,5.0,3.0,3.0,3.0
Rater_2,Person_87,0.0,4.0,3.0,3.0,3.0,3.0,2.0,3.0
Rater_2,Person_88,0.0,2.0,2.0,3.0,2.0,2.0,2.0,1.0
Rater_2,Person_89,3.0,4.0,4.0,4.0,4.0,4.0,2.0,3.0
Rater_2,Person_90,2.0,3.0,4.0,3.0,2.0,3.0,2.0,3.0
Rater_2,Person_91,3.0,4.0,4.0,4.0,3.0,4.0,2.0,3.0
Rater_2,Person_92,3.0,4.0,4.0,4.0,3.0,4.0,4.0,3.0
Rater_2,Person_93,1.0,4.0,4.0,3.0,3.0,3.0,1.0,1.0
Rater_2,Person_94,4.0,5.0,4.0,4.0,4.0,4.0,3.0,3.0
Rater_2,Person_95,2.0,5.0,3.0,3.0,3.0,3.0,2.0,3.0
Rater_2,Person_96,2.0,3.0,3.0,4.0,3.0,4.0,2.0,3.0
Rater_2,Person_97,3.0,4.0,4.0,4.0,3.0,3.0,2.0,4.0
Rater_2,Person_98,3.0,3.0,2.0,5.0,4.0,3.0,3.0,3.0
Rater_2,Person_99,1.0,4.0,5.0,3.0,2.0,3.0,4.0,3.0
Rater_2,Person_100,0.0,4.0,3.0,3.0,2.0,3.0,0.0,1.0
Rater_2,Person_101,2.0,3.0,3.0,4.0,3.0,3.0,3.0,2.0
Rater_2,Person_102,1.0,3.0,3.0,4.0,3.0,3.0,2.0,3.0
Rater_2,Person_103,0.0,2.0,2.0,3.0,1.0,0.0,0.0,1.0
Rater_2,Person_104,1.0,3.0,4.0,3.0,1.0,3.0,2.0,2.0
Rater_2,Person_105,2.0,3.0,3.0,4.0,1.0,3.0,3.0,2.0
Rater_2,Person_106,0.0,3.0,2.0,3.0,3.0,3.0,1.0,1.0
Rater_2,Person_107,4.0,5.0,4.0,5.0,3.0,3.0,4.0,3.0
Rater_2,Person_108,1.0,4.0,3.0,4.0,4.0,3.0,3.0,3.0
Rater_2,Person_109,3.0,5.0,5.0,5.0,4.0,4.0,4.0,3.0
Rater_2,Person_110,0.0,3.0,2.0,3.0,2.0,1.0,1.0,2.0
Rater_2,Person_111,3.0,5.0,4.0,4.0,3.0,4.0,3.0,3.0
Rater_2,Person_112,1.0,4.0,3.0,4.0,3.0,3.0,1.0,2.0
Rater_2,Person_113,3.0,4.0,4.0,4.0,5.0,3.0,3.0,3.0
Rater_2,Person_114,3.0,5.0,4.0,5.0,4.0,4.0,4.0,3.0
Rater_2,Person_115,0.0,3.0,1.0,4.0,2.0,2.0,2.0,2.0
Rater_2,Person_116,2.0,2.0,3.0,4.0,3.0,3.0,2.0,3.0
Rater_2,Person_117,2.0,4.0,3.0,4.0,3.0,3.0,3.0,3.0
Rater_2,Person_118,2.0,3.0,3.0,3.0,5.0,3.0,3.0,2.0
Rater_2,Person_119,3.0,4.0,5.0,4.0,4.0,4.0,3.0,4.0
Rater_2,Person_120,1.0,2.0,3.0,3.0,1.0,2.0,2.0,1.0
Rater_2,Person_121,2.0,4.0,2.0,4.0,2.0,2.0,2.0,3.0
Rater_2,Person_122,2.0,3.0,2.0,3.0,2.0,3.0,3.0,2.0
Rater_2,Person_123,2.0,4.0,3.0,5.0,4.0,4.0,4.0,3.0
Rater_2,Person_124,0.0,3.0,3.0,4.0,3.0,3.0,4.0,2.0
Rater_2,Person_125,2.0,4.0,3.0,3.0,2.0,3.0,1.0,3.0
Rater_2,Person_126,0.0,2.0,2.0,3.0,2.0,2.0,1.0,1.0
Rater_2,Person_127,0.0,4.0,2.0,4.0,1.0,2.0,1.0,1.0
Rater_2,Person_128,0.0,2.0,3.0,3.0,1.0,3.0,1.0,0.0
Rater_2,Person_129,3.0,5.0,4.0,4.0,4.0,3.0,3.0,2.0
Rater_2,Person_130,2.0,5.0,3.0,4.0,3.0,2.0,2.0,1.0
Rater_2,Person_131,0.0,4.0,2.0,3.0,3.0,3.0,3.0,1.0
Rater_2,Person_132,3.0,5.0,4.0,4.0,4.0,3.0,3.0,4.0
Rater_2,Person_133,0.0,2.0,2.0,4.0,3.0,2.0,2.0,2.0
Rater_2,Person_134,3.0,3.0,4.0,4.0,4.0,4.0,3.0,3.0
Rater_2,Person_135,1.0,3.0,3.0,3.0,1.0,3.0,3.0,1.0
Rater_2,Person_136,2.0,4.0,4.0,3.0,3.0,3.0,3.0,4.0
Rater_2,Person_137,1.0,3.0,3.0,3.0,2.0,2.0,3.0,3.0
Rater_2,Person_138,1.0,2.0,3.0,4.0,1.0,3.0,1.0,0.0
Rater_2,Person_139,2.0,4.0,3.0,4.0,3.0,3.0,3.0,2.0
Rater_2,Person_140,1.0,3.0,3.0,3.0,2.0,3.0,1.0,1.0
Rater_2,Person_141,2.0,4.0,3.0,4.0,4.0,3.0,3.0,3.0
Rater_2,Person_142,0.0,2.0,3.0,3.0,2.0,2.0,1.0,3.0
Rater_2,Person_143,2.0,3.0,4.0,5.0,5.0,4.0,4.0,3.0
Rater_2,Person_144,3.0,3.0,3.0,3.0,3.0,3.0,3.0,2.0
Rater_2,Person_145,1.0,4.0,3.0,4.0,3.0,3.0,1.0,3.0
Rater_2,Person_146,1.0,4.0,4.0,3.0,3.0,3.0,2.0,4.0
Rater_2,Person_147,2.0,4.0,4.0,4.0,4.0,4.0,3.0,3.0
Rater_2,Person_148,3.0,4.0,5.0,5.0,4.0,4.0,3.0,3.0
Rater_2,Person_149,3.0,4.0,5.0,4.0,4.0,5.0,4.0,5.0
Rater_2,Person_150,1.0,3.0,3.0,3.0,3.0,3.0,3.0,3.0
Rater_2,Person_151,3.0,4.0,5.0,3.0,3.0,3.0,3.0,2.0
Rater_2,Person_152,3.0,5.0,4.0,5.0,3.0,5.0,4.0,3.0
Rater_2,Person_153,0.0,2.0,2.0,4.0,3.0,1.0,1.0,1.0
Rater_2,Person_154,0.0,3.0,2.0,4.0,2.0,2.0,1.0,1.0
Rater_2,Person_155,3.0,4.0,3.0,4.0,2.0,4.0,2.0,2.0
Rater_2,Person_156,0.0,5.0,3.0,4.0,3.0,2.0,2.0,2.0
Rater_2,Person_157,1.0,4.0,3.0,3.0,3.0,3.0,1.0,1.0
Rater_2,Person_158,1.0,3.0,2.0,4.0,3.0,2.0,3.0,2.0
Rater_2,Person_159,2.0,4.0,3.0,2.0,2.0,3.0,1.0,1.0
Rater_2,Person_160,1.0,4.0,4.0,4.0,3.0,4.0,4.0,3.0
Rater_2,Person_161,4.0,3.0,3.0,3.0,3.0,4.0,3.0,2.0
Rater_2,Person_162,3.0,5.0,3.0,5.0,3.0,5.0,3.0,3.0
Rater_2,Person_163,1.0,3.0,3.0,3.0,2.0,2.0,1.0,3.0
Rater_2,Person_164,2.0,4.0,4.0,3.0,2.0,2.0,3.0,3.0
Rater_2,Person_165,1.0,2.0,1.0,3.0,3.0,0.0,1.0,2.0
Rater_2,Person_166,2.0,4.0,3.0,3.0,2.0,3.0,3.0,4.0
Rater_2,Person_167,2.0,3.0,3.0,4.0,2.0,4.0,1.0,3.0
Rater_2,Person_168,0.0,2.0,2.0,4.0,1.0,1.0,1.0,3.0
Rater_2,Person_169,0.0,3.0,3.0,3.0,3.0,4.0,2.0,2.0
Rater_2,Person_170,1.0,4.0,3.0,5.0,3.0,3.0,1.0,2.0
Rater_2,Person_171,2.0,4.0,3.0,4.0,4.0,3.0,3.0,3.0
Rater_2,Person_172,2.0,4.0,4.0,4.0,3.0,5.0,3.0,4.0
Rater_2,Person_173,3.0,4.0,3.0,4.0,4.0,3.0,4.0,5.0
Rater_2,Person_174,2.0,3.0,3.0,3.0,3.0,2.0,2.0,2.0
Rater_2,Person_175,4.0,4.0,4.0,5.0,5.0,4.0,3.0,4.0
Rater_2,Person_176,3.0,5.0,5.0,5.0,5.0,4.0,4.0,4.0
Rater_2,Person_177,1.0,3.0,2.0,3.0,4.0,3.0,3.0,4.0
Rater_2,Person_178,4.0,4.0,5.0,4.0,4.0,4.0,4.0,3.0
Rater_2,Person_179,1.0,3.0,3.0,3.0,2.0,3.0,0.0,0.0
Rater_2,Person_180,0.0,2.0,3.0,2.0,1.0,2.0,1.0,0.0
Rater_2,Person_181,1.0,2.0,2.0,3.0,2.0,2.0,2.0,2.0
Rater_2,Person_182,1.0,4.0,3.0,4.0,3.0,3.0,3.0,2.0
Rater_2,Person_183,3.0,4.0,3.0,4.0,4.0,3.0,4.0,3.0
Rater_2,Person_184,1.0,4.0,3.0,4.0,2.0,3.0,2.0,3.0
Rater_2,Person_185,0.0,2.0,3.0,4.0,1.0,3.0,2.0,2.0
Rater_2,Person_186,2.0,3.0,4.0,4.0,4.0,4.0,3.0,4.0
Rater_2,Person_187,3.0,4.0,3.0,4.0,3.0,4.0,3.0,3.0
Rater_2,Person_188,1.0,2.0,2.0,3.0,1.0,3.0,2.0,2.0
Rater_2,Person_189,1.0,2.0,2.0,3.0,3.0,3.0,3.0,2.0
Rater_2,Person_190,1.0,4.0,2.0,4.0,3.0,2.0,2.0,1.0
Rater_2,Person_191,3.0,5.0,3.0,4.0,2.0,4.0,3.0,3.0
Rater_2,Person_192,0.0,4.0,3.0,4.0,4.0,3.0,3.0,3.0
Rater_2,Person_193,2.0,4.0,4.0,5.0,3.0,4.0,2.0,3.0
Rater_2,Person_194,2.0,4.0,2.0,3.0,3.0,2.0,2.0,2.0
Rater_2,Person_195,1.0,4.0,3.0,3.0,4.0,3.0,3.0,0.0
Rater_2,Person_196,0.0,3.0,1.0,3.0,1.0,2.0,1.0,1.0
Rater_2,Person_197,3.0,4.0,3.0,4.0,4.0,4.0,3.0,3.0
Rater_2,Person_198,2.0,5.0,4.0,5.0,3.0,4.0,3.0,3.0
Rater_2,Person_199,1.0,3.0,3.0,3.0,2.0,3.0,0.0,1.0
Rater_2,Person_200,0.0,2.0,3.0,4.0,2.0,1.0,2.0,2.0
Rater_3,Person_1,3.0,3.0,3.0,5.0,3.0,4.0,3.0,1.0
Rater_3,Person_2,1.0,3.0,2.0,2.0,1.0,3.0,2.0,0.0
Rater_3,Person_3,4.0,5.0,4.0,4.0,3.0,4.0,3.0,2.0
Rater_3,Person_4,3.0,3.0,3.0,3.0,3.0,2.0,2.0,0.0
Rater_3,Person_5,1.0,3.0,3.0,1.0,1.0,3.0,3.0,0.0
Rater_3,Person_6,2.0,1.0,2.0,2.0,2.0,3.0,1.0,1.0
Rater_3,Person_7,2.0,4.0,3.0,3.0,3.0,3.0,4.0,3.0
Rater_3,Person_8,0.0,3.0,2.0,3.0,1.0,3.0,0.0,1.0
Rater_3,Person_9,3.0,4.0,3.0,4.0,2.0,4.0,3.0,1.0
Rater_3,Person_10,2.0,3.0,3.0,3.0,4.0,2.0,2.0,0.0
Rater_3,Person_11,3.0,4.0,3.0,3.0,3.0,4.0,3.0,1.0
Rater_3,Person_12,3.0,4.0,4.0,3.0,3.0,4.0,3.0,3.0
Rater_3,Person_13,1.0,2.0,1.0,0.0,0.0,2.0,2.0,0.0
Rater_3,Person_14,3.0,3.0,3.0,4.0,3.0,3.0,3.0,2.0
Rater_3,Person_15,4.0,4.0,4.0,4.0,2.0,4.0,3.0,3.0
Rater_3,Person_16,3.0,4.0,2.0,3.0,2.0,3.0,3.0,2.0
Rater_3,Person_17,3.0,4.0,3.0,3.0,3.0,3.0,1.0,0.0
Rater_3,Person_18,3.0,3.0,2.0,4.0,3.0,4.0,2.0,1.0
Rater_3,Person_19,1.0,3.0,2.0,1.0,2.0,2.0,1.0,0.0
Rater_3,Person_20,2.0,3.0,3.0,3.0,2.0,4.0,2.0,2.0
Rater_3,Person_21,2.0,4.0,3.0,3.0,1.0,2.0,1.0,0.0
Rater_3,Person_22,1.0,2.0,3.0,3.0,1.0,4.0,1.0,1.0
Rater_3,Person_23,3.0,4.0,4.0,4.0,3.0,4.0,3.0,2.0
Rater_3,Person_24,1.0,3.0,3.0,3.0,3.0,4.0,3.0,0.0
Rater_3,Person_25,4.0,4.0,3.0,3.0,3.0,4.0,3.0,1.0
Rater_3,Person_26,4.0,4.0,3.0,4.0,4.0,5.0,3.0,3.0
Rater_3,Person_27,2.0,3.0,2.0,3.0,3.0,4.0,1.0,1.0
Rater_3,Person_28,2.0,4.0,4.0,3.0,3.0,4.0,2.0,2.0
Rater_3,Person_29,0.0,1.0,0.0,1.0,1.0,3.0,0.0,0.0
Rater_3,Person_30,3.0,4.0,3.0,3.0,2.0,3.0,3.0,1.0
Rater_3,Person_31,1.0,4.0,3.0,3.0,2.0,4.0,1.0,1.0
Rater_3,Person_32,0.0,0.0,1.0,1.0,1.0,0.0,0.0,0.0
Rater_3,Person_33,2.0,3.0,3.0,3.0,1.0,2.0,2.0,0.0
Rater_3,Person_34,0.0,2.0,2.0,3.0,3.0,2.0,2.0,0.0
Rater_3,Person_35,3.0,4.0,2.0,3.0,3.0,3.0,0.0,1.0
Rater_3,Person_36,3.0,4.0,4.0,4.0,2.0,3.0,1.0,1.0
Rater_3,Person_37,4.0,4.0,4.0,4.0,3.0,4.0,3.0,1.0
Rater_3,Person_38,3.0,3.0,4.0,3.0,3.0,4.0,1.0,2.0
Rater_3,Person_39,3.0,4.0,4.0,3.0,3.0,4.0,3.0,2.0
Rater_3,Person_40,4.0,3.0,4.0,4.0,4.0,3.0,3.0,2.0
Rater_3,Person_41,3.0,3.0,3.0,3.0,2.0,3.0,1.0,0.0
Rater_3,Person_42,0.0,0.0,2.0,1.0,0.0,1.0,1.0,0.0
Rater_3,Person_43,0.0,4.0,2.0,3.0,1.0,4.0,2.0,0.0
Rater_3,Person_44,2.0,3.0,3.0,3.0,3.0,3.0,1.0,0.0
Rater_3,Person_45,3.0,3.0,4.0,4.0,3.0,4.0,2.0,2.0
Rater_3,Person_46,2.0,3.0,2.0,3.0,3.0,3.0,0.0,1.0
Rater_3,Person_47,1.0,2.0,1.0,1.0,3.0,3.0,2.0,0.0
Rater_3,Person_48,1.0,3.0,3.0,3.0,2.0,3.0,2.0,2.0
Rater_3,Person_49,1.0,3.0,1.0,2.0,0.0,3.0,2.0,0.0
Rater_3,Person_50,3.0,5.0,4.0,4.0,5.0,4.0,3.0,4.0
Rater_3,Person_51,2.0,3.0,3.0,2.0,0.0,3.0,0.0,0.0
Rater_3,Person_52,1.0,2.0,2.0,2.0,2.0,1.0,2.0,0.0
Rater_3,Person_53,4.0,4.0,4.0,4.0,4.0,5.0,2.0,2.0
Rater_3,Person_54,1.0,3.0,3.0,2.0,2.0,3.0,3.0,3.0
Rater_3,Person_55,3.0,3.0,3.0,4.0,2.0,3.0,2.0,2.0
Rater_3,Person_56,5.0,4.0,4.0,4.0,3.0,4.0,3.0,3.0
Rater_3,Person_57,2.0,4.0,3.0,2.0,2.0,4.0,0.0,1.0
Rater_3,Person_58,1.0,3.0,3.0,3.0,2.0,3.0,1.0,0.0
Rater_3,Person_59,2.0,3.0,3.0,3.0,2.0,4.0,1.0,0.0
Rater_3,Person_60,3.0,4.0,4.0,3.0,3.0,5.0,4.0,2.0
Rater_3,Person_61,3.0,3.0,3.0,3.0,4.0,4.0,2.0,0.0
Rater_3,Person_62,2.0,3.0,3.0,3.0,2.0,4.0,2.0,1.0
Rater_3,Person_63,3.0,3.0,4.0,3.0,3.0,4.0,3.0,1.0
Rater_3,Person_64,2.0,3.0,3.0,3.0,3.0,3.0,3.0,0.0
Rater_3,Person_65,1.0,2.0,1.0,2.0,1.0,3.0,1.0,0.0
Rater_3,Person_66,0.0,3.0,2.0,3.0,2.0,3.0,3.0,0.0
Rater_3,Person_67,1.0,3.0,3.0,2.0,2.0,3.0,1.0,0.0
Rater_3,Person_68,1.0,2.0,2.0,1.0,1.0,1.0,0.0,0.0
Rater_3,Person_69,1.0,3.0,1.0,2.0,1.0,3.0,1.0,0.0
Rater_3,Person_70,3.0,4.0,4.0,4.0,4.0,5.0,4.0,2.0
Rater_3,Person_71,0.0,2.0,1.0,1.0,0.0,1.0,0.0,1.0
Rater_3,Person_72,0.0,3.0,1.0,2.0,1.0,2.0,0.0,0.0
Rater_3,Person_73,2.0,3.0,3.0,1.0,1.0,3.0,3.0,1.0
Rater_3,Person_74,3.0,5.0,5.0,4.0,3.0,4.0,4.0,2.0
Rater_3,Person_75,1.0,3.0,3.0,4.0,3.0,4.0,1.0,0.0
Rater_3,Person_76,1.0,3.0,3.0,3.0,2.0,3.0,0.0,2.0
Rater_3,Person_77,2.0,2.0,3.0,2.0,2.0,3.0,1.0,1.0
Rater_3,Person_78,0.0,0.0,1.0,1.0,0.0,0.0,1.0,0.0
Rater_3,Person_79,3.0,4.0,3.0,3.0,2.0,3.0,1.0,0.0
Rater_3,Person_80,3.0,3.0,4.0,3.0,4.0,4.0,3.0,2.0
Rater_3,Person_81,0.0,1.0,1.0,1.0,0.0,1.0,0.0,0.0
Rater_3,Person_82,1.0,4.0,2.0,3.0,1.0,3.0,0.0,1.0
Rater_3,Person_83,0.0,3.0,1.0,1.0,0.0,1.0,0.0,1.0
Rater_3,Person_84,3.0,2.0,2.0,3.0,2.0,3.0,1.0,1.0
Rater_3,Person_85,2.0,1.0,3.0,3.0,0.0,2.0,0.0,1.0
Rater_3,Person_86,4.0,3.0,3.0,2.0,3.0,5.0,3.0,1.0
Rater_3,Person_87,3.0,4.0,1.0,2.0,3.0,3.0,1.0,0.0
Rater_3,Person_88,1.0,3.0,1.0,3.0,2.0,1.0,0.0,1.0
Rater_3,Person_89,2.0,4.0,3.0,5.0,4.0,3.0,3.0,2.0
Rater_3,Person_90,2.0,4.0,2.0,2.0,2.0,3.0,1.0,1.0
Rater_3,Person_91,2.0,4.0,3.0,4.0,3.0,3.0,2.0,2.0
Rater_3,Person_92,3.0,4.0,3.0,5.0,4.0,3.0,4.0,3.0
Rater_3,Person_93,3.0,4.0,3.0,3.0,2.0,3.0,1.0,0.0
Rater_3,Person_94,5.0,4.0,4.0,4.0,3.0,3.0,3.0,3.0
Rater_3,Person_95,3.0,3.0,3.0,3.0,3.0,3.0,2.0,1.0
Rater_3,Person_96,2.0,3.0,3.0,3.0,3.0,3.0,1.0,2.0
Rater_3,Person_97,3.0,4.0,4.0,4.0,3.0,3.0,3.0,1.0
Rater_3,Person_98,3.0,3.0,3.0,4.0,3.0,3.0,2.0,1.0
Rater_3,Person_99,3.0,5.0,4.0,5.0,4.0,5.0,4.0,2.0
Rater_3,Person_100,1.0,3.0,3.0,2.0,1.0,3.0,1.0,1.0
Rater_3,Person_101,2.0,4.0,4.0,3.0,3.0,3.0,3.0,1.0
Rater_3,Person_102,2.0,2.0,3.0,3.0,3.0,4.0,3.0,2.0
Rater_3,Person_103,1.0,1.0,2.0,1.0,0.0,1.0,1.0,1.0
Rater_3,Person_104,3.0,3.0,2.0,2.0,2.0,3.0,1.0,1.0
Rater_3,Person_105,1.0,3.0,2.0,1.0,0.0,3.0,2.0,0.0
Rater_3,Person_106,1.0,3.0,3.0,4.0,1.0,3.0,0.0,1.0
Rater_3,Person_107,3.0,4.0,4.0,4.0,4.0,4.0,4.0,3.0
Rater_3,Person_108,1.0,3.0,3.0,3.0,2.0,3.0,1.0,1.0
Rater_3,Person_109,4.0,4.0,3.0,5.0,3.0,5.0,4.0,3.0
Rater_3,Person_110,0.0,1.0,2.0,2.0,0.0,2.0,0.0,0.0
Rater_3,Person_111,3.0,4.0,5.0,5.0,4.0,4.0,3.0,2.0
Rater_3,Person_112,1.0,3.0,3.0,2.0,2.0,2.0,1.0,0.0
Rater_3,Person_113,3.0,3.0,3.0,4.0,2.0,4.0,3.0,1.0
Rater_3,Person_114,4.0,4.0,5.0,3.0,3.0,4.0,3.0,3.0
Rater_3,Person_115,1.0,4.0,2.0,4.0,1.0,3.0,1.0,1.0
Rater_3,Person_116,1.0,3.0,3.0,4.0,3.0,3.0,3.0,1.0
Rater_3,Person_117,1.0,3.0,4.0,3.0,3.0,4.0,1.0,1.0
Rater_3,Person_118,2.0,3.0,3.0,3.0,1.0,3.0,1.0,2.0
Rater_3,Person_119,3.0,4.0,3.0,3.0,4.0,4.0,3.0,1.0
Rater_3,Person_120,1.0,2.0,0.0,2.0,1.0,3.0,1.0,0.0
Rater_3,Person_121,1.0,3.0,3.0,3.0,3.0,3.0,2.0,0.0
Rater_3,Person_122,1.0,3.0,3.0,2.0,1.0,3.0,0.0,0.0
Rater_3,Person_123,3.0,4.0,3.0,4.0,3.0,4.0,3.0,2.0
Rater_3,Person_124,2.0,2.0,3.0,3.0,2.0,3.0,1.0,0.0
Rater_3,Person_125,1.0,3.0,1.0,1.0,2.0,4.0,1.0,0.0
Rater_3,Person_126,2.0,2.0,0.0,1.0,1.0,1.0,0.0,0.0
Rater_3,Person_127,1.0,2.0,1.0,3.0,1.0,2.0,0.0,0.0
Rater_3,Person_128,1.0,2.0,2.0,1.0,1.0,3.0,1.0,0.0
Rater_3,Person_129,3.0,4.0,3.0,2.0,3.0,3.0,1.0,1.0
Rater_3,Person_130,2.0,3.0,3.0,4.0,1.0,3.0,2.0,0.0
Rater_3,Person_131,1.0,3.0,1.0,3.0,2.0,3.0,0.0,0.0
Rater_3,Person_132,3.0,4.0,4.0,5.0,3.0,4.0,3.0,3.0
Rater_3,Person_133,2.0,3.0,2.0,2.0,2.0,3.0,1.0,1.0
Rater_3,Person_134,3.0,3.0,3.0,4.0,4.0,4.0,2.0,1.0
Rater_3,Person_135,3.0,4.0,3.0,4.0,1.0,2.0,1.0,0.0
Rater_3,Person_136,3.0,3.0,3.0,3.0,3.0,4.0,3.0,2.0
Rater_3,Person_137,1.0,3.0,3.0,3.0,2.0,2.0,2.0,2.0
Rater_3,Person_138,1.0,1.0,3.0,1.0,2.0,3.0,1.0,1.0
Rater_3,Person_139,2.0,3.0,3.0,3.0,4.0,4.0,2.0,1.0
Rater_3,Person_140,1.0,2.0,1.0,2.0,2.0,3.0,0.0,0.0
Rater_3,Person_141,1.0,3.0,3.0,3.0,4.0,3.0,2.0,2.0
Rater_3,Person_142,2.0,3.0,0.0,3.0,2.0,2.0,2.0,0.0
Rater_3,Person_143,3.0,5.0,4.0,4.0,3.0,4.0,4.0,2.0
Rater_3,Person_144,2.0,3.0,2.0,4.0,3.0,3.0,3.0,1.0
Rater_3,Person_145,2.0,3.0,3.0,3.0,3.0,3.0,1.0,1.0
Rater_3,Person_146,3.0,2.0,3.0,4.0,3.0,3.0,3.0,2.0
Rater_3,Person_147,3.0,3.0,4.0,3.0,1.0,5.0,3.0,1.0
Rater_3,Person_148,4.0,4.0,4.0,5.0,3.0,4.0,3.0,2.0
Rater_3,Person_149,4.0,5.0,4.0,5.0,4.0,5.0,3.0,3.0
Rater_3,Person_150,3.0,3.0,2.0,3.0,3.0,3.0,0.0,0.0
Rater_3,Person_151,2.0,4.0,3.0,3.0,1.0,2.0,2.0,2.0
Rater_3,Person_152,4.0,4.0,4.0,5.0,3.0,4.0,3.0,2.0
Rater_3,Person_153,0.0,1.0,1.0,2.0,2.0,1.0,0.0,0.0
Rater_3,Person_154,0.0,3.0,0.0,3.0,0.0,2.0,0.0,0.0
Rater_3,Person_155,2.0,4.0,2.0,3.0,2.0,4.0,2.0,1.0
Rater_3,Person_156,1.0,2.0,3.0,3.0,3.0,2.0,2.0,2.0
Rater_3,Person_157,2.0,3.0,2.0,3.0,2.0,2.0,2.0,1.0
Rater_3,Person_158,1.0,3.0,2.0,3.0,1.0,3.0,1.0,2.0
Rater_3,Person_159,1.0,2.0,3.0,3.0,0.0,2.0,2.0,0.0
Rater_3,Person_160,2.0,3.0,4.0,3.0,3.0,4.0,3.0,3.0
Rater_3,Person_161,2.0,4.0,3.0,3.0,2.0,3.0,2.0,2.0
Rater_3,Person_162,4.0,4.0,4.0,4.0,2.0,4.0,3.0,2.0
Rater_3,Person_163,1.0,1.0,2.0,1.0,1.0,3.0,1.0,0.0
Rater_3,Person_164,2.0,3.0,3.0,3.0,2.0,3.0,1.0,1.0
Rater_3,Person_165,1.0,2.0,0.0,0.0,1.0,2.0,0.0,0.0
Rater_3,Person_166,3.0,3.0,4.0,3.0,2.0,2.0,1.0,2.0
Rater_3,Person_167,3.0,3.0,3.0,3.0,3.0,3.0,1.0,0.0
Rater_3,Person_168,1.0,1.0,1.0,1.0,0.0,1.0,1.0,0.0
Rater_3,Person_169,1.0,3.0,3.0,3.0,1.0,1.0,2.0,0.0
Rater_3,Person_170,0.0,3.0,2.0,1.0,1.0,2.0,2.0,1.0
Rater_3,Person_171,3.0,4.0,4.0,4.0,3.0,4.0,3.0,2.0
Rater_3,Person_172,3.0,3.0,4.0,3.0,2.0,3.0,3.0,3.0
Rater_3,Person_173,4.0,4.0,3.0,4.0,4.0,3.0,3.0,2.0
Rater_3,Person_174,1.0,3.0,1.0,4.0,2.0,3.0,3.0,0.0
Rater_3,Person_175,4.0,4.0,4.0,4.0,3.0,4.0,3.0,3.0
Rater_3,Person_176,3.0,5.0,3.0,5.0,4.0,5.0,3.0,2.0
Rater_3,Person_177,1.0,3.0,3.0,4.0,1.0,1.0,2.0,2.0
Rater_3,Person_178,4.0,4.0,4.0,4.0,4.0,4.0,3.0,2.0
Rater_3,Person_179,1.0,1.0,3.0,2.0,1.0,3.0,2.0,1.0
Rater_3,Person_180,1.0,2.0,3.0,1.0,2.0,3.0,1.0,1.0
Rater_3,Person_181,1.0,2.0,1.0,2.0,2.0,3.0,1.0,1.0
Rater_3,Person_182,2.0,3.0,3.0,2.0,2.0,3.0,2.0,0.0
Rater_3,Person_183,2.0,3.0,3.0,5.0,2.0,3.0,2.0,3.0
Rater_3,Person_184,0.0,1.0,4.0,3.0,1.0,4.0,1.0,0.0
Rater_3,Person_185,2.0,1.0,3.0,4.0,2.0,3.0,1.0,1.0
Rater_3,Person_186,4.0,4.0,4.0,3.0,3.0,3.0,3.0,1.0
Rater_3,Person_187,2.0,4.0,4.0,3.0,4.0,4.0,2.0,2.0
Rater_3,Person_188,1.0,3.0,2.0,3.0,1.0,3.0,1.0,1.0
Rater_3,Person_189,2.0,3.0,3.0,3.0,1.0,3.0,3.0,2.0
Rater_3,Person_190,2.0,3.0,3.0,2.0,3.0,3.0,1.0,0.0
Rater_3,Person_191,3.0,5.0,4.0,4.0,2.0,4.0,3.0,2.0
Rater_3,Person_192,3.0,3.0,3.0,3.0,3.0,3.0,2.0,1.0
Rater_3,Person_193,3.0,3.0,3.0,5.0,3.0,3.0,3.0,2.0
Rater_3,Person_194,2.0,2.0,3.0,2.0,1.0,3.0,2.0,0.0
Rater_3,Person_195,2.0,2.0,1.0,3.0,2.0,2.0,1.0,1.0
Rater_3,Person_196,2.0,3.0,2.0,3.0,1.0,2.0,0.0,0.0
Rater_3,Person_197,4.0,3.0,4.0,5.0,3.0,4.0,3.0,2.0
Rater_3,Person_198,4.0,3.0,4.0,4.0,4.0,4.0,2.0,3.0
Rater_3,Person_199,3.0,3.0,1.0,1.0,2.0,4.0,0.0,0.0
Rater_3,Person_200,1.0,1.0,2.0,3.0,1.0,3.0,0.0,0.0
Rater_4,Person_1,3.0,4.0,4.0,3.0,3.0,4.0,3.0,3.0
Rater_4,Person_2,2.0,2.0,3.0,2.0,1.0,3.0,1.0,3.0
Rater_4,Person_3,3.0,4.0,4.0,2.0,3.0,4.0,4.0,2.0
Rater_4,Person_4,2.0,4.0,2.0,3.0,1.0,3.0,1.0,1.0
Rater_4,Person_5,2.0,4.0,3.0,2.0,1.0,3.0,0.0,2.0
Rater_4,Person_6,2.0,3.0,3.0,1.0,0.0,2.0,2.0,0.0
Rater_4,Person_7,3.0,4.0,3.0,3.0,1.0,4.0,2.0,2.0
Rater_4,Person_8,2.0,3.0,2.0,3.0,1.0,3.0,1.0,3.0
Rater_4,Person_9,2.0,4.0,3.0,3.0,1.0,4.0,2.0,3.0
Rater_4,Person_10,2.0,4.0,2.0,3.0,3.0,4.0,3.0,2.0
Rater_4,Person_11,4.0,5.0,3.0,4.0,3.0,3.0,2.0,3.0
Rater_4,Person_12,3.0,4.0,3.0,3.0,3.0,3.0,4.0,3.0
Rater_4,Person_13,1.0,3.0,2.0,1.0,0.0,1.0,0.0,2.0
Rater_4,Person_14,4.0,3.0,3.0,4.0,3.0,4.0,3.0,2.0
Rater_4,Person_15,4.0,4.0,5.0,4.0,4.0,5.0,3.0,4.0
Rater_4,Person_16,2.0,3.0,3.0,2.0,3.0,3.0,3.0,2.0
Rater_4,Person_17,3.0,3.0,3.0,3.0,3.0,3.0,2.0,2.0
Rater_4,Person_18,2.0,4.0,3.0,2.0,3.0,3.0,2.0,3.0
Rater_4,Person_19,1.0,3.0,1.0,3.0,1.0,3.0,2.0,0.0
Rater_4,Person_20,2.0,3.0,2.0,3.0,3.0,4.0,2.0,3.0
Rater_4,Person_21,2.0,4.0,4.0,1.0,3.0,3.0,3.0,2.0
Rater_4,Person_22,1.0,4.0,3.0,1.0,1.0,3.0,1.0,1.0
Rater_4,Person_23,2.0,4.0,3.0,3.0,2.0,4.0,3.0,4.0
Rater_4,Person_24,2.0,3.0,3.0,3.0,3.0,3.0,3.0,2.0
Rater_4,Person_25,3.0,4.0,3.0,4.0,3.0,4.0,3.0,3.0
Rater_4,Person_26,4.0,5.0,4.0,4.0,4.0,4.0,3.0,5.0
Rater_4,Person_27,2.0,4.0,2.0,3.0,3.0,4.0,3.0,3.0
Rater_4,Person_28,2.0,4.0,3.0,2.0,3.0,3.0,4.0,3.0
Rater_4,Person_29,0.0,2.0,2.0,2.0,0.0,2.0,1.0,1.0
Rater_4,Person_30,3.0,4.0,2.0,3.0,2.0,3.0,1.0,2.0
Rater_4,Person_31,3.0,4.0,3.0,4.0,3.0,4.0,1.0,4.0
Rater_4,Person_32,0.0,0.0,0.0,1.0,0.0,2.0,1.0,0.0
Rater_4,Person_33,0.0,3.0,4.0,3.0,2.0,3.0,3.0,3.0
Rater_4,Person_34,2.0,4.0,3.0,3.0,2.0,3.0,3.0,1.0
Rater_4,Person_35,1.0,4.0,4.0,3.0,2.0,4.0,3.0,1.0
Rater_4,Person_36,3.0,5.0,4.0,3.0,3.0,4.0,3.0,3.0
Rater_4,Person_37,3.0,5.0,3.0,4.0,2.0,3.0,4.0,3.0
Rater_4,Person_38,2.0,4.0,4.0,3.0,2.0,2.0,3.0,2.0
Rater_4,Person_39,4.0,5.0,5.0,4.0,2.0,4.0,3.0,2.0
Rater_4,Person_40,3.0,3.0,4.0,3.0,3.0,3.0,3.0,3.0
Rater_4,Person_41,3.0,3.0,3.0,2.0,2.0,3.0,2.0,3.0
Rater_4,Person_42,0.0,0.0,1.0,0.0,1.0,1.0,0.0,0.0
Rater_4,Person_43,1.0,4.0,2.0,2.0,1.0,2.0,1.0,2.0
Rater_4,Person_44,3.0,3.0,2.0,2.0,2.0,3.0,3.0,1.0
Rater_4,Person_45,3.0,4.0,3.0,2.0,2.0,3.0,3.0,3.0
Rater_4,Person_46,1.0,4.0,2.0,1.0,1.0,3.0,1.0,1.0
Rater_4,Person_47,1.0,2.0,1.0,2.0,0.0,3.0,2.0,2.0
Rater_4,Person_48,2.0,3.0,1.0,2.0,4.0,3.0,3.0,3.0
Rater_4,Person_49,1.0,3.0,3.0,2.0,0.0,2.0,1.0,1.0
Rater_4,Person_50,4.0,4.0,5.0,5.0,3.0,4.0,4.0,4.0
Rater_4,Person_51,1.0,3.0,2.0,1.0,1.0,1.0,1.0,2.0
Rater_4,Person_52,0.0,3.0,1.0,0.0,0.0,3.0,2.0,1.0
Rater_4,Person_53,3.0,5.0,4.0,3.0,3.0,4.0,1.0,3.0
Rater_4,Person_54,4.0,4.0,4.0,3.0,3.0,4.0,3.0,4.0
Rater_4,Person_55,2.0,3.0,3.0,3.0,2.0,3.0,3.0,3.0
Rater_4,Person_56,3.0,4.0,4.0,3.0,2.0,4.0,4.0,3.0
Rater_4,Person_57,2.0,5.0,3.0,3.0,2.0,3.0,2.0,3.0
Rater_4,Person_58,1.0,4.0,2.0,3.0,1.0,3.0,1.0,1.0
Rater_4,Person_59,3.0,4.0,3.0,2.0,2.0,4.0,2.0,3.0
Rater_4,Person_60,3.0,5.0,4.0,5.0,4.0,4.0,4.0,4.0
Rater_4,Person_61,0.0,4.0,3.0,4.0,3.0,3.0,2.0,2.0
Rater_4,Person_62,2.0,3.0,3.0,3.0,1.0,3.0,0.0,2.0
Rater_4,Person_63,3.0,4.0,3.0,4.0,3.0,3.0,1.0,2.0
Rater_4,Person_64,3.0,4.0,3.0,3.0,1.0,3.0,1.0,2.0
Rater_4,Person_65,2.0,3.0,3.0,2.0,1.0,3.0,0.0,1.0
Rater_4,Person_66,2.0,3.0,4.0,3.0,1.0,3.0,0.0,2.0
Rater_4,Person_67,1.0,3.0,3.0,3.0,1.0,2.0,2.0,2.0
Rater_4,Person_68,1.0,3.0,1.0,1.0,1.0,1.0,0.0,1.0
Rater_4,Person_69,0.0,3.0,2.0,1.0,0.0,2.0,0.0,0.0
Rater_4,Person_70,3.0,4.0,4.0,3.0,2.0,4.0,3.0,3.0
Rater_4,Person_71,2.0,2.0,0.0,2.0,1.0,2.0,0.0,1.0
Rater_4,Person_72,1.0,3.0,3.0,3.0,0.0,3.0,1.0,1.0
Rater_4,Person_73,1.0,3.0,2.0,1.0,3.0,3.0,1.0,2.0
Rater_4,Person_74,4.0,5.0,5.0,3.0,4.0,4.0,4.0,3.0
Rater_4,Person_75,2.0,3.0,3.0,2.0,3.0,4.0,4.0,3.0
Rater_4,Person_76,2.0,5.0,3.0,2.0,2.0,3.0,0.0,3.0
Rater_4,Person_77,1.0,4.0,4.0,1.0,0.0,2.0,1.0,1.0
Rater_4,Person_78,1.0,2.0,1.0,1.0,0.0,1.0,0.0,0.0
Rater_4,Person_79,2.0,4.0,3.0,3.0,3.0,4.0,2.0,3.0
Rater_4,Person_80,4.0,5.0,4.0,3.0,4.0,4.0,3.0,3.0
Rater_4,Person_81,0.0,2.0,0.0,0.0,0.0,1.0,0.0,0.0
Rater_4,Person_82,2.0,4.0,2.0,2.0,2.0,3.0,2.0,1.0
Rater_4,Person_83,0.0,3.0,2.0,1.0,0.0,1.0,1.0,0.0
Rater_4,Person_84,1.0,3.0,3.0,0.0,1.0,1.0,1.0,1.0
Rater_4,Person_85,1.0,4.0,3.0,3.0,2.0,3.0,2.0,1.0
Rater_4,Person_86,3.0,4.0,3.0,3.0,2.0,4.0,2.0,3.0
Rater_4,Person_87,2.0,3.0,4.0,3.0,2.0,3.0,1.0,2.0
Rater_4,Person_88,1.0,3.0,1.0,1.0,1.0,1.0,0.0,1.0
Rater_4,Person_89,3.0,4.0,4.0,3.0,3.0,4.0,2.0,2.0
Rater_4,Person_90,2.0,3.0,3.0,2.0,1.0,2.0,0.0,1.0
Rater_4,Person_91,3.0,4.0,4.0,4.0,2.0,3.0,2.0,4.0
Rater_4,Person_92,4.0,3.0,3.0,3.0,3.0,4.0,3.0,3.0
Rater_4,Person_93,3.0,4.0,2.0,3.0,2.0,3.0,1.0,2.0
Rater_4,Person_94,4.0,5.0,5.0,2.0,3.0,3.0,2.0,3.0
Rater_4,Person_95,2.0,4.0,3.0,3.0,2.0,2.0,1.0,2.0
Rater_4,Person_96,1.0,4.0,3.0,2.0,2.0,3.0,2.0,1.0
Rater_4,Person_97,2.0,5.0,3.0,3.0,4.0,4.0,2.0,4.0
Rater_4,Person_98,3.0,4.0,4.0,3.0,3.0,4.0,2.0,2.0
Rater_4,Person_99,3.0,4.0,4.0,5.0,3.0,4.0,3.0,3.0
Rater_4,Person_100,0.0,3.0,3.0,0.0,2.0,3.0,1.0,2.0
Rater_4,Person_101,3.0,3.0,3.0,3.0,1.0,2.0,3.0,1.0
Rater_4,Person_102,2.0,4.0,2.0,3.0,1.0,4.0,2.0,2.0
Rater_4,Person_103,1.0,1.0,1.0,1.0,0.0,1.0,0.0,0.0
Rater_4,Person_104,1.0,4.0,3.0,1.0,1.0,2.0,2.0,1.0
Rater_4,Person_105,3.0,4.0,2.0,1.0,1.0,3.0,1.0,1.0
Rater_4,Person_106,1.0,3.0,3.0,1.0,0.0,2.0,1.0,1.0
Rater_4,Person_107,3.0,5.0,4.0,4.0,4.0,5.0,3.0,4.0
Rater_4,Person_108,0.0,3.0,3.0,3.0,4.0,3.0,3.0,2.0
Rater_4,Person_109,4.0,5.0,4.0,4.0,4.0,5.0,5.0,3.0
Rater_4,Person_110,1.0,2.0,1.0,1.0,2.0,2.0,1.0,0.0
Rater_4,Person_111,3.0,4.0,4.0,4.0,2.0,3.0,3.0,4.0
Rater_4,Person_112,3.0,3.0,2.0,2.0,2.0,4.0,2.0,2.0
Rater_4,Person_113,4.0,5.0,3.0,3.0,3.0,4.0,2.0,2.0
Rater_4,Person_114,2.0,4.0,4.0,4.0,3.0,5.0,3.0,4.0
Rater_4,Person_115,1.0,4.0,3.0,0.0,1.0,2.0,1.0,2.0
Rater_4,Person_116,3.0,3.0,3.0,2.0,2.0,4.0,2.0,3.0
Rater_4,Person_117,2.0,3.0,4.0,3.0,2.0,4.0,3.0,3.0
Rater_4,Person_118,2.0,2.0,2.0,4.0,1.0,3.0,2.0,0.0
Rater_4,Person_119,3.0,5.0,4.0,4.0,2.0,4.0,3.0,3.0
Rater_4,Person_120,1.0,3.0,2.0,2.0,2.0,2.0,1.0,1.0
Rater_4,Person_121,2.0,3.0,3.0,2.0,2.0,4.0,2.0,3.0
Rater_4,Person_122,2.0,3.0,4.0,2.0,0.0,3.0,2.0,1.0
Rater_4,Person_123,3.0,4.0,4.0,3.0,2.0,4.0,3.0,3.0
Rater_4,Person_124,1.0,4.0,1.0,2.0,1.0,3.0,1.0,2.0
Rater_4,Person_125,2.0,4.0,4.0,2.0,2.0,3.0,4.0,0.0
Rater_4,Person_126,1.0,2.0,2.0,2.0,1.0,2.0,2.0,1.0
Rater_4,Person_127,1.0,3.0,2.0,3.0,1.0,1.0,1.0,0.0
Rater_4,Person_128,1.0,3.0,2.0,0.0,1.0,1.0,0.0,1.0
Rater_4,Person_129,1.0,4.0,3.0,3.0,1.0,4.0,2.0,2.0
Rater_4,Person_130,2.0,4.0,3.0,3.0,2.0,4.0,2.0,1.0
Rater_4,Person_131,1.0,3.0,1.0,0.0,1.0,2.0,1.0,0.0
Rater_4,Person_132,3.0,5.0,3.0,3.0,3.0,4.0,4.0,4.0
Rater_4,Person_133,1.0,3.0,2.0,2.0,0.0,2.0,2.0,2.0
Rater_4,Person_134,3.0,4.0,4.0,3.0,2.0,3.0,3.0,3.0
Rater_4,Person_135,1.0,4.0,3.0,1.0,0.0,2.0,1.0,1.0
Rater_4,Person_136,3.0,4.0,3.0,3.0,2.0,4.0,1.0,3.0
Rater_4,Person_137,1.0,3.0,3.0,2.0,3.0,2.0,3.0,1.0
Rater_4,Person_138,1.0,4.0,1.0,2.0,1.0,3.0,2.0,1.0
Rater_4,Person_139,1.0,3.0,3.0,3.0,3.0,3.0,3.0,2.0
Rater_4,Person_140,3.0,3.0,2.0,1.0,0.0,3.0,1.0,0.0
Rater_4,Person_141,1.0,3.0,3.0,3.0,4.0,3.0,2.0,3.0
Rater_4,Person_142,1.0,3.0,3.0,3.0,1.0,3.0,3.0,1.0
Rater_4,Person_143,2.0,5.0,4.0,4.0,3.0,4.0,3.0,4.0
Rater_4,Person_144,3.0,3.0,3.0,3.0,1.0,2.0,2.0,3.0
Rater_4,Person_145,3.0,4.0,4.0,2.0,3.0,3.0,2.0,3.0
Rater_4,Person_146,2.0,3.0,3.0,3.0,1.0,3.0,3.0,1.0
Rater_4,Person_147,3.0,4.0,4.0,3.0,3.0,3.0,3.0,4.0
Rater_4,Person_148,3.0,5.0,4.0,3.0,3.0,4.0,4.0,4.0
Rater_4,Person_149,4.0,5.0,4.0,4.0,3.0,5.0,5.0,4.0
Rater_4,Person_150,1.0,3.0,3.0,3.0,3.0,3.0,2.0,2.0
Rater_4,Person_151,2.0,4.0,4.0,3.0,2.0,3.0,2.0,2.0
Rater_4,Person_152,2.0,4.0,4.0,3.0,4.0,4.0,3.0,3.0
Rater_4,Person_153,0.0,3.0,1.0,2.0,1.0,2.0,1.0,2.0
Rater_4,Person_154,0.0,3.0,3.0,1.0,0.0,2.0,0.0,1.0
Rater_4,Person_155,3.0,3.0,3.0,3.0,1.0,3.0,0.0,3.0
Rater_4,Person_156,1.0,3.0,2.0,3.0,3.0,4.0,2.0,3.0
Rater_4,Person_157,2.0,4.0,3.0,2.0,1.0,3.0,1.0,2.0
Rater_4,Person_158,2.0,2.0,3.0,2.0,1.0,2.0,2.0,1.0
Rater_4,Person_159,2.0,3.0,3.0,3.0,0.0,3.0,1.0,0.0
Rater_4,Person_160,3.0,4.0,4.0,3.0,3.0,4.0,3.0,3.0
Rater_4,Person_161,3.0,4.0,4.0,3.0,2.0,4.0,1.0,4.0
Rater_4,Person_162,5.0,5.0,4.0,3.0,2.0,4.0,3.0,3.0
Rater_4,Person_163,1.0,3.0,2.0,1.0,0.0,2.0,0.0,1.0
Rater_4,Person_164,3.0,3.0,2.0,2.0,2.0,4.0,2.0,2.0
Rater_4,Person_165,0.0,1.0,1.0,1.0,0.0,1.0,0.0,1.0
Rater_4,Person_166,3.0,4.0,4.0,4.0,2.0,2.0,3.0,3.0
Rater_4,Person_167,3.0,4.0,3.0,2.0,1.0,2.0,0.0,2.0
Rater_4,Person_168,1.0,3.0,1.0,2.0,1.0,1.0,2.0,1.0
Rater_4,Person_169,2.0,3.0,3.0,2.0,0.0,2.0,1.0,3.0
Rater_4,Person_170,1.0,3.0,1.0,2.0,1.0,1.0,0.0,1.0
Rater_4,Person_171,3.0,4.0,3.0,4.0,3.0,4.0,3.0,2.0
Rater_4,Person_172,3.0,4.0,2.0,3.0,3.0,4.0,3.0,2.0
Rater_4,Person_173,4.0,4.0,4.0,4.0,3.0,3.0,2.0,4.0
Rater_4,Person_174,1.0,3.0,3.0,3.0,1.0,3.0,0.0,1.0
Rater_4,Person_175,3.0,5.0,4.0,4.0,3.0,4.0,4.0,4.0
Rater_4,Person_176,3.0,4.0,4.0,3.0,3.0,5.0,3.0,4.0
Rater_4,Person_177,1.0,4.0,3.0,3.0,2.0,3.0,2.0,3.0
Rater_4,Person_178,4.0,4.0,4.0,3.0,3.0,3.0,4.0,3.0
Rater_4,Person_179,1.0,4.0,2.0,1.0,1.0,2.0,3.0,3.0
Rater_4,Person_180,0.0,3.0,1.0,2.0,0.0,1.0,1.0,1.0
Rater_4,Person_181,1.0,4.0,1.0,3.0,0.0,3.0,0.0,2.0
Rater_4,Person_182,2.0,4.0,3.0,1.0,1.0,3.0,3.0,3.0
Rater_4,Person_183,3.0,4.0,3.0,4.0,2.0,4.0,3.0,2.0
Rater_4,Person_184,3.0,4.0,3.0,3.0,1.0,3.0,2.0,3.0
Rater_4,Person_185,2.0,4.0,2.0,1.0,1.0,3.0,2.0,0.0
Rater_4,Person_186,2.0,4.0,4.0,2.0,1.0,3.0,3.0,3.0
Rater_4,Person_187,3.0,3.0,4.0,3.0,2.0,3.0,2.0,4.0
Rater_4,Person_188,1.0,3.0,3.0,3.0,1.0,3.0,1.0,3.0
Rater_4,Person_189,1.0,4.0,2.0,2.0,2.0,3.0,1.0,1.0
Rater_4,Person_190,3.0,2.0,3.0,1.0,1.0,2.0,2.0,2.0
Rater_4,Person_191,4.0,4.0,3.0,4.0,4.0,3.0,3.0,3.0
Rater_4,Person_192,3.0,3.0,2.0,1.0,3.0,3.0,1.0,2.0
Rater_4,Person_193,3.0,4.0,3.0,3.0,2.0,3.0,2.0,1.0
Rater_4,Person_194,2.0,3.0,2.0,3.0,1.0,2.0,0.0,1.0
Rater_4,Person_195,1.0,3.0,3.0,1.0,2.0,3.0,3.0,2.0
Rater_4,Person_196,1.0,2.0,1.0,1.0,0.0,1.0,1.0,1.0
Rater_4,Person_197,2.0,4.0,4.0,4.0,3.0,5.0,2.0,4.0
Rater_4,Person_198,2.0,5.0,3.0,3.0,3.0,3.0,1.0,3.0
Rater_4,Person_199,3.0,3.0,3.0,2.0,2.0,2.0,3.0,1.0
Rater_4,Person_200,1.0,4.0,1.0,2.0,0.0,3.0,0.0,1.0
Rater_5,Person_1,2.0,5.0,4.0,4.0,3.0,4.0,3.0,3.0
Rater_5,Person_2,0.0,4.0,3.0,2.0,3.0,3.0,2.0,2.0
Rater_5,Person_3,3.0,4.0,4.0,2.0,4.0,4.0,2.0,3.0
Rater_5,Person_4,2.0,4.0,3.0,3.0,4.0,3.0,2.0,3.0
Rater_5,Person_5,2.0,3.0,3.0,2.0,3.0,3.0,1.0,3.0
Rater_5,Person_6,0.0,2.0,1.0,2.0,3.0,3.0,2.0,1.0
Rater_5,Person_7,3.0,3.0,5.0,3.0,3.0,3.0,3.0,4.0
Rater_5,Person_8,1.0,5.0,3.0,2.0,3.0,3.0,2.0,2.0
Rater_5,Person_9,2.0,5.0,3.0,3.0,4.0,4.0,1.0,2.0
Rater_5,Person_10,1.0,4.0,4.0,1.0,4.0,3.0,3.0,3.0
Rater_5,Person_11,3.0,4.0,4.0,3.0,2.0,3.0,2.0,3.0
Rater_5,Person_12,3.0,4.0,5.0,3.0,5.0,4.0,2.0,2.0
Rater_5,Person_13,0.0,3.0,3.0,2.0,3.0,2.0,1.0,1.0
Rater_5,Person_14,3.0,4.0,4.0,4.0,4.0,4.0,3.0,4.0
Rater_5,Person_15,3.0,5.0,4.0,4.0,5.0,5.0,3.0,4.0
Rater_5,Person_16,1.0,4.0,3.0,3.0,4.0,3.0,2.0,3.0
Rater_5,Person_17,1.0,4.0,3.0,3.0,4.0,3.0,3.0,2.0
Rater_5,Person_18,1.0,3.0,3.0,2.0,3.0,4.0,3.0,3.0
Rater_5,Person_19,0.0,4.0,4.0,3.0,3.0,2.0,1.0,1.0
Rater_5,Person_20,2.0,4.0,4.0,3.0,4.0,4.0,2.0,2.0
Rater_5,Person_21,3.0,5.0,4.0,3.0,3.0,4.0,2.0,3.0
Rater_5,Person_22,1.0,3.0,3.0,2.0,3.0,2.0,0.0,2.0
Rater_5,Person_23,1.0,4.0,4.0,4.0,5.0,4.0,3.0,3.0
Rater_5,Person_24,2.0,4.0,3.0,4.0,4.0,5.0,2.0,2.0
Rater_5,Person_25,2.0,5.0,3.0,4.0,4.0,5.0,4.0,4.0
Rater_5,Person_26,4.0,5.0,5.0,5.0,5.0,4.0,4.0,4.0
Rater_5,Person_27,1.0,3.0,4.0,3.0,3.0,3.0,1.0,3.0
Rater_5,Person_28,3.0,4.0,4.0,3.0,4.0,3.0,2.0,4.0
Rater_5,Person_29,0.0,3.0,3.0,1.0,2.0,3.0,1.0,2.0
Rater_5,Person_30,1.0,4.0,3.0,4.0,3.0,3.0,2.0,3.0
Rater_5,Person_31,1.0,3.0,4.0,3.0,4.0,3.0,3.0,3.0
Rater_5,Person_32,0.0,1.0,1.0,0.0,0.0,2.0,0.0,0.0
Rater_5,Person_33,1.0,4.0,3.0,2.0,4.0,3.0,3.0,3.0
Rater_5,Person_34,1.0,4.0,4.0,3.0,3.0,3.0,1.0,3.0
Rater_5,Person_35,2.0,3.0,4.0,3.0,3.0,5.0,3.0,3.0
Rater_5,Person_36,1.0,4.0,3.0,3.0,4.0,4.0,2.0,3.0
Rater_5,Person_37,4.0,4.0,4.0,5.0,4.0,3.0,4.0,3.0
Rater_5,Person_38,2.0,4.0,3.0,3.0,2.0,4.0,2.0,3.0
Rater_5,Person_39,3.0,4.0,4.0,4.0,4.0,4.0,3.0,3.0
Rater_5,Person_40,2.0,4.0,5.0,3.0,5.0,4.0,2.0,4.0
Rater_5,Person_41,1.0,3.0,3.0,2.0,4.0,3.0,1.0,3.0
Rater_5,Person_42,0.0,3.0,2.0,2.0,1.0,1.0,0.0,1.0
Rater_5,Person_43,0.0,3.0,3.0,3.0,3.0,4.0,1.0,2.0
Rater_5,Person_44,2.0,4.0,4.0,3.0,3.0,4.0,4.0,3.0
Rater_5,Person_45,2.0,4.0,5.0,3.0,3.0,4.0,3.0,3.0
Rater_5,Person_46,0.0,3.0,3.0,3.0,3.0,3.0,1.0,3.0
Rater_5,Person_47,0.0,3.0,2.0,1.0,2.0,3.0,1.0,1.0
Rater_5,Person_48,1.0,4.0,2.0,3.0,4.0,3.0,2.0,3.0
Rater_5,Person_49,1.0,2.0,3.0,2.0,3.0,3.0,1.0,1.0
Rater_5,Person_50,2.0,5.0,4.0,5.0,4.0,5.0,3.0,3.0
Rater_5,Person_51,0.0,3.0,1.0,0.0,3.0,3.0,1.0,2.0
Rater_5,Person_52,0.0,3.0,3.0,1.0,2.0,3.0,0.0,0.0
Rater_5,Person_53,3.0,4.0,5.0,5.0,4.0,5.0,4.0,3.0
Rater_5,Person_54,3.0,4.0,3.0,3.0,5.0,5.0,2.0,3.0
Rater_5,Person_55,1.0,4.0,4.0,3.0,4.0,3.0,3.0,3.0
Rater_5,Person_56,3.0,4.0,4.0,3.0,4.0,4.0,4.0,3.0
Rater_5,Person_57,0.0,3.0,4.0,3.0,3.0,3.0,3.0,2.0
Rater_5,Person_58,0.0,5.0,3.0,1.0,3.0,3.0,1.0,3.0
Rater_5,Person_59,2.0,4.0,4.0,3.0,4.0,4.0,1.0,2.0
Rater_5,Person_60,4.0,5.0,5.0,4.0,5.0,5.0,4.0,3.0
Rater_5,Person_61,0.0,4.0,4.0,4.0,4.0,4.0,3.0,2.0
Rater_5,Person_62,1.0,4.0,3.0,4.0,4.0,3.0,3.0,2.0
Rater_5,Person_63,3.0,5.0,4.0,3.0,3.0,4.0,3.0,3.0
Rater_5,Person_64,1.0,4.0,4.0,2.0,3.0,2.0,3.0,3.0
Rater_5,Person_65,1.0,4.0,3.0,1.0,3.0,4.0,2.0,3.0
Rater_5,Person_66,2.0,3.0,3.0,3.0,3.0,3.0,1.0,2.0
Rater_5,Person_67,0.0,4.0,3.0,2.0,3.0,3.0,2.0,3.0
Rater_5,Person_68,1.0,3.0,2.0,1.0,3.0,1.0,1.0,3.0
Rater_5,Person_69,1.0,3.0,3.0,3.0,3.0,2.0,1.0,0.0
Rater_5,Person_70,3.0,3.0,5.0,3.0,4.0,4.0,3.0,3.0
Rater_5,Person_71,1.0,4.0,3.0,1.0,3.0,3.0,1.0,0.0
Rater_5,Person_72,0.0,3.0,3.0,2.0,4.0,3.0,2.0,1.0
Rater_5,Person_73,1.0,4.0,4.0,2.0,2.0,4.0,0.0,1.0
Rater_5,Person_74,3.0,5.0,5.0,3.0,5.0,5.0,4.0,4.0
Rater_5,Person_75,2.0,4.0,3.0,3.0,4.0,2.0,1.0,3.0
Rater_5,Person_76,1.0,4.0,3.0,2.0,2.0,3.0,3.0,2.0
Rater_5,Person_77,1.0,1.0,2.0,2.0,3.0,2.0,1.0,2.0
Rater_5,Person_78,0.0,3.0,1.0,0.0,1.0,1.0,1.0,0.0
Rater_5,Person_79,3.0,4.0,3.0,2.0,3.0,3.0,2.0,3.0
Rater_5,Person_80,2.0,4.0,4.0,4.0,5.0,4.0,3.0,3.0
Rater_5,Person_81,0.0,2.0,1.0,0.0,1.0,2.0,1.0,1.0
Rater_5,Person_82,2.0,3.0,4.0,3.0,2.0,3.0,3.0,2.0
Rater_5,Person_83,0.0,2.0,2.0,0.0,1.0,1.0,0.0,2.0
Rater_5,Person_84,1.0,3.0,4.0,2.0,3.0,3.0,1.0,3.0
Rater_5,Person_85,1.0,2.0,4.0,3.0,4.0,3.0,2.0,1.0
Rater_5,Person_86,1.0,4.0,3.0,3.0,4.0,5.0,3.0,3.0
Rater_5,Person_87,1.0,4.0,3.0,3.0,3.0,3.0,2.0,3.0
Rater_5,Person_88,0.0,3.0,3.0,2.0,1.0,2.0,0.0,1.0
Rater_5,Person_89,1.0,4.0,4.0,2.0,4.0,3.0,3.0,4.0
Rater_5,Person_90,1.0,3.0,4.0,2.0,3.0,4.0,1.0,1.0
Rater_5,Person_91,1.0,4.0,4.0,3.0,4.0,3.0,2.0,4.0
Rater_5,Person_92,1.0,4.0,5.0,4.0,4.0,4.0,4.0,3.0
Rater_5,Person_93,2.0,4.0,4.0,3.0,3.0,3.0,2.0,3.0
Rater_5,Person_94,3.0,5.0,4.0,3.0,5.0,4.0,3.0,3.0
Rater_5,Person_95,1.0,3.0,3.0,3.0,3.0,4.0,0.0,2.0
Rater_5,Person_96,1.0,3.0,3.0,3.0,3.0,4.0,0.0,4.0
Rater_5,Person_97,2.0,5.0,4.0,3.0,3.0,4.0,3.0,3.0
Rater_5,Person_98,3.0,4.0,4.0,2.0,4.0,4.0,3.0,3.0
Rater_5,Person_99,3.0,5.0,5.0,3.0,4.0,4.0,4.0,4.0
Rater_5,Person_100,1.0,4.0,3.0,2.0,3.0,4.0,1.0,2.0
Rater_5,Person_101,2.0,4.0,4.0,3.0,3.0,3.0,1.0,4.0
Rater_5,Person_102,0.0,3.0,3.0,3.0,2.0,2.0,2.0,2.0
Rater_5,Person_103,0.0,4.0,2.0,1.0,0.0,1.0,0.0,1.0
Rater_5,Person_104,1.0,3.0,3.0,3.0,5.0,3.0,2.0,3.0
Rater_5,Person_105,1.0,3.0,3.0,2.0,3.0,3.0,2.0,2.0
Rater_5,Person_106,1.0,3.0,3.0,2.0,3.0,3.0,1.0,2.0
Rater_5,Person_107,2.0,5.0,4.0,4.0,5.0,5.0,3.0,4.0
Rater_5,Person_108,3.0,3.0,3.0,3.0,3.0,4.0,1.0,3.0
Rater_5,Person_109,3.0,5.0,4.0,4.0,5.0,5.0,4.0,4.0
Rater_5,Person_110,0.0,2.0,2.0,1.0,2.0,3.0,1.0,0.0
Rater_5,Person_111,3.0,5.0,5.0,4.0,5.0,5.0,3.0,3.0
Rater_5,Person_112,3.0,3.0,3.0,3.0,4.0,3.0,1.0,1.0
Rater_5,Person_113,3.0,4.0,5.0,3.0,4.0,3.0,3.0,3.0
Rater_5,Person_114,3.0,4.0,3.0,4.0,4.0,3.0,3.0,3.0
Rater_5,Person_115,1.0,2.0,3.0,2.0,3.0,1.0,2.0,1.0
Rater_5,Person_116,2.0,5.0,4.0,3.0,4.0,3.0,2.0,4.0
Rater_5,Person_117,3.0,3.0,4.0,3.0,3.0,5.0,2.0,2.0
Rater_5,Person_118,2.0,3.0,3.0,4.0,2.0,3.0,2.0,2.0
Rater_5,Person_119,3.0,5.0,4.0,3.0,3.0,4.0,4.0,4.0
Rater_5,Person_120,2.0,3.0,4.0,3.0,4.0,1.0,2.0,1.0
Rater_5,Person_121,2.0,3.0,3.0,3.0,3.0,4.0,3.0,2.0
Rater_5,Person_122,1.0,4.0,3.0,2.0,3.0,3.0,1.0,2.0
Rater_5,Person_123,3.0,5.0,4.0,4.0,4.0,4.0,3.0,3.0
Rater_5,Person_124,1.0,3.0,3.0,2.0,2.0,3.0,1.0,3.0
Rater_5,Person_125,1.0,3.0,1.0,3.0,3.0,2.0,1.0,1.0
Rater_5,Person_126,0.0,3.0,2.0,1.0,3.0,2.0,1.0,1.0
Rater_5,Person_127,1.0,4.0,4.0,1.0,2.0,2.0,1.0,2.0
Rater_5,Person_128,0.0,4.0,2.0,3.0,1.0,1.0,0.0,1.0
Rater_5,Person_129,2.0,3.0,4.0,2.0,3.0,4.0,2.0,3.0
Rater_5,Person_130,1.0,3.0,3.0,2.0,3.0,4.0,2.0,1.0
Rater_5,Person_131,2.0,3.0,3.0,3.0,3.0,2.0,2.0,1.0
Rater_5,Person_132,2.0,5.0,5.0,3.0,5.0,5.0,3.0,4.0
Rater_5,Person_133,2.0,3.0,3.0,2.0,3.0,2.0,2.0,3.0
Rater_5,Person_134,2.0,3.0,4.0,3.0,4.0,3.0,2.0,3.0
Rater_5,Person_135,1.0,4.0,3.0,2.0,4.0,3.0,1.0,2.0
Rater_5,Person_136,1.0,4.0,4.0,3.0,3.0,4.0,3.0,2.0
Rater_5,Person_137,2.0,4.0,4.0,2.0,3.0,3.0,3.0,1.0
Rater_5,Person_138,0.0,3.0,3.0,3.0,2.0,1.0,2.0,1.0
Rater_5,Person_139,2.0,4.0,3.0,3.0,3.0,3.0,3.0,3.0
Rater_5,Person_140,0.0,3.0,2.0,1.0,2.0,2.0,1.0,2.0
Rater_5,Person_141,2.0,3.0,3.0,3.0,3.0,3.0,3.0,3.0
Rater_5,Person_142,0.0,3.0,3.0,2.0,2.0,3.0,2.0,1.0
Rater_5,Person_143,3.0,5.0,5.0,4.0,4.0,4.0,3.0,3.0
Rater_5,Person_144,1.0,4.0,4.0,3.0,3.0,4.0,1.0,3.0
Rater_5,Person_145,1.0,4.0,3.0,3.0,3.0,4.0,1.0,3.0
Rater_5,Person_146,3.0,4.0,4.0,4.0,4.0,4.0,3.0,2.0
Rater_5,Person_147,3.0,4.0,3.0,3.0,5.0,4.0,3.0,3.0
Rater_5,Person_148,3.0,5.0,5.0,3.0,4.0,4.0,4.0,2.0
Rater_5,Person_149,3.0,4.0,4.0,5.0,5.0,5.0,4.0,4.0
Rater_5,Person_150,1.0,3.0,2.0,2.0,2.0,4.0,3.0,2.0
Rater_5,Person_151,3.0,4.0,3.0,3.0,3.0,4.0,2.0,3.0
Rater_5,Person_152,3.0,5.0,5.0,4.0,5.0,4.0,3.0,3.0
Rater_5,Person_153,0.0,2.0,3.0,0.0,3.0,3.0,1.0,2.0
Rater_5,Person_154,0.0,3.0,2.0,1.0,3.0,2.0,1.0,2.0
Rater_5,Person_155,2.0,4.0,4.0,3.0,3.0,3.0,1.0,3.0
Rater_5,Person_156,1.0,4.0,3.0,3.0,3.0,4.0,2.0,4.0
Rater_5,Person_157,1.0,3.0,4.0,3.0,2.0,3.0,2.0,2.0
Rater_5,Person_158,2.0,4.0,4.0,3.0,3.0,3.0,1.0,2.0
Rater_5,Person_159,1.0,3.0,3.0,2.0,3.0,2.0,0.0,1.0
Rater_5,Person_160,3.0,4.0,3.0,3.0,4.0,3.0,3.0,3.0
Rater_5,Person_161,2.0,4.0,4.0,3.0,4.0,4.0,3.0,3.0
Rater_5,Person_162,3.0,4.0,4.0,4.0,5.0,4.0,3.0,4.0
Rater_5,Person_163,1.0,2.0,3.0,2.0,2.0,3.0,0.0,1.0
Rater_5,Person_164,2.0,3.0,4.0,4.0,5.0,3.0,1.0,3.0
Rater_5,Person_165,0.0,1.0,2.0,2.0,2.0,2.0,0.0,1.0
Rater_5,Person_166,2.0,3.0,3.0,3.0,4.0,3.0,1.0,3.0
Rater_5,Person_167,2.0,3.0,3.0,2.0,3.0,3.0,1.0,2.0
Rater_5,Person_168,1.0,3.0,2.0,1.0,3.0,2.0,1.0,1.0
Rater_5,Person_169,0.0,4.0,3.0,1.0,3.0,3.0,1.0,2.0
Rater_5,Person_170,1.0,3.0,3.0,3.0,3.0,2.0,3.0,2.0
Rater_5,Person_171,3.0,4.0,4.0,3.0,3.0,4.0,3.0,4.0
Rater_5,Person_172,3.0,4.0,5.0,4.0,4.0,4.0,3.0,4.0
Rater_5,Person_173,3.0,3.0,3.0,3.0,3.0,5.0,3.0,2.0
Rater_5,Person_174,1.0,3.0,4.0,3.0,3.0,3.0,1.0,2.0
Rater_5,Person_175,4.0,4.0,5.0,4.0,5.0,5.0,4.0,3.0
Rater_5,Person_176,4.0,5.0,3.0,4.0,4.0,4.0,3.0,4.0
Rater_5,Person_177,2.0,5.0,4.0,4.0,3.0,3.0,1.0,3.0
Rater_5,Person_178,3.0,5.0,4.0,4.0,4.0,4.0,3.0,4.0
Rater_5,Person_179,1.0,3.0,3.0,3.0,1.0,4.0,1.0,1.0
Rater_5,Person_180,0.0,2.0,2.0,2.0,1.0,2.0,1.0,2.0
Rater_5,Person_181,1.0,3.0,3.0,1.0,2.0,3.0,0.0,0.0
Rater_5,Person_182,1.0,3.0,4.0,3.0,4.0,3.0,2.0,2.0
Rater_5,Person_183,2.0,4.0,3.0,2.0,3.0,3.0,3.0,2.0
Rater_5,Person_184,3.0,4.0,4.0,3.0,3.0,3.0,2.0,4.0
Rater_5,Person_185,0.0,3.0,2.0,4.0,3.0,4.0,0.0,3.0
Rater_5,Person_186,2.0,5.0,5.0,3.0,4.0,4.0,3.0,4.0
Rater_5,Person_187,4.0,4.0,3.0,3.0,4.0,5.0,1.0,3.0
Rater_5,Person_188,0.0,3.0,3.0,3.0,3.0,3.0,1.0,2.0
Rater_5,Person_189,2.0,3.0,4.0,1.0,3.0,3.0,3.0,2.0
Rater_5,Person_190,0.0,5.0,3.0,2.0,3.0,3.0,1.0,2.0
Rater_5,Person_191,3.0,5.0,4.0,3.0,4.0,4.0,3.0,3.0
Rater_5,Person_192,1.0,4.0,3.0,3.0,4.0,4.0,3.0,2.0
Rater_5,Person_193,2.0,4.0,4.0,3.0,4.0,4.0,2.0,3.0
Rater_5,Person_194,1.0,4.0,1.0,3.0,3.0,3.0,3.0,2.0
Rater_5,Person_195,1.0,3.0,3.0,3.0,3.0,2.0,2.0,3.0
Rater_5,Person_196,0.0,3.0,3.0,1.0,3.0,3.0,0.0,1.0
Rater_5,Person_197,3.0,4.0,4.0,4.0,3.0,4.0,4.0,3.0
Rater_5,Person_198,2.0,4.0,5.0,4.0,4.0,3.0,3.0,1.0
Rater_5,Person_199,1.0,4.0,3.0,3.0,3.0,2.0,2.0,2.0
Rater_5,Person_200,1.0,3.0,3.0,2.0,3.0,2.0,0.0,1.0
Rater_6,Person_1,3.0,4.0,3.0,3.0,3.0,4.0,3.0,3.0
Rater_6,Person_2,2.0,3.0,3.0,2.0,2.0,3.0,3.0,1.0
Rater_6,Person_3,4.0,4.0,3.0,3.0,4.0,3.0,3.0,3.0
Rater_6,Person_4,3.0,3.0,3.0,3.0,3.0,3.0,3.0,2.0
Rater_6,Person_5,1.0,4.0,3.0,3.0,4.0,2.0,1.0,0.0
Rater_6,Person_6,1.0,4.0,3.0,1.0,1.0,4.0,2.0,1.0
Rater_6,Person_7,3.0,4.0,3.0,2.0,2.0,4.0,2.0,2.0
Rater_6,Person_8,3.0,3.0,4.0,4.0,3.0,3.0,2.0,0.0
Rater_6,Person_9,3.0,3.0,3.0,3.0,3.0,3.0,3.0,2.0
Rater_6,Person_10,3.0,4.0,4.0,4.0,3.0,3.0,2.0,2.0
Rater_6,Person_11,3.0,3.0,4.0,3.0,4.0,3.0,2.0,3.0
Rater_6,Person_12,2.0,4.0,4.0,2.0,4.0,5.0,3.0,4.0
Rater_6,Person_13,1.0,3.0,3.0,1.0,1.0,1.0,1.0,0.0
Rater_6,Person_14,3.0,4.0,4.0,3.0,3.0,3.0,4.0,1.0
Rater_6,Person_15,4.0,4.0,4.0,4.0,3.0,5.0,4.0,3.0
Rater_6,Person_16,2.0,4.0,3.0,2.0,4.0,2.0,3.0,3.0
Rater_6,Person_17,3.0,4.0,3.0,3.0,4.0,4.0,3.0,2.0
Rater_6,Person_18,3.0,4.0,4.0,3.0,3.0,3.0,4.0,2.0
Rater_6,Person_19,1.0,2.0,3.0,0.0,2.0,3.0,1.0,0.0
Rater_6,Person_20,3.0,5.0,3.0,3.0,3.0,3.0,3.0,2.0
Rater_6,Person_21,2.0,4.0,3.0,3.0,3.0,2.0,3.0,3.0
Rater_6,Person_22,1.0,4.0,3.0,1.0,3.0,3.0,2.0,1.0
Rater_6,Person_23,3.0,4.0,4.0,3.0,3.0,4.0,3.0,3.0
Rater_6,Person_24,3.0,4.0,2.0,3.0,4.0,4.0,3.0,1.0
Rater_6,Person_25,4.0,5.0,4.0,3.0,4.0,5.0,3.0,3.0
Rater_6,Person_26,3.0,5.0,5.0,5.0,4.0,5.0,5.0,4.0
Rater_6,Person_27,1.0,3.0,3.0,3.0,3.0,2.0,3.0,2.0
Rater_6,Person_28,4.0,5.0,4.0,3.0,2.0,5.0,3.0,1.0
Rater_6,Person_29,0.0,2.0,1.0,1.0,2.0,1.0,1.0,1.0
Rater_6,Person_30,1.0,3.0,1.0,3.0,2.0,3.0,4.0,1.0
Rater_6,Person_31,3.0,3.0,3.0,3.0,4.0,3.0,3.0,3.0
Rater_6,Person_32,1.0,1.0,2.0,0.0,2.0,0.0,0.0,0.0
Rater_6,Person_33,3.0,4.0,3.0,3.0,4.0,4.0,2.0,1.0
Rater_6,Person_34,1.0,4.0,2.0,3.0,3.0,2.0,1.0,1.0
Rater_6,Person_35,3.0,3.0,3.0,3.0,3.0,3.0,3.0,2.0
Rater_6,Person_36,2.0,4.0,3.0,2.0,3.0,4.0,4.0,2.0
Rater_6,Person_37,2.0,4.0,2.0,4.0,4.0,4.0,3.0,3.0
Rater_6,Person_38,2.0,4.0,3.0,3.0,3.0,3.0,3.0,3.0
Rater_6,Person_39,3.0,4.0,4.0,4.0,3.0,4.0,3.0,4.0
Rater_6,Person_40,4.0,4.0,5.0,4.0,4.0,5.0,2.0,1.0
Rater_6,Person_41,2.0,4.0,2.0,3.0,3.0,4.0,1.0,1.0
Rater_6,Person_42,1.0,2.0,1.0,0.0,0.0,1.0,0.0,1.0
Rater_6,Person_43,1.0,4.0,1.0,3.0,2.0,2.0,2.0,2.0
Rater_6,Person_44,3.0,3.0,2.0,1.0,3.0,2.0,2.0,1.0
Rater_6,Person_45,3.0,4.0,3.0,3.0,4.0,4.0,3.0,3.0
Rater_6,Person_46,3.0,3.0,2.0,2.0,3.0,3.0,2.0,1.0
Rater_6,Person_47,1.0,2.0,3.0,2.0,1.0,2.0,2.0,1.0
Rater_6,Person_48,3.0,3.0,3.0,3.0,3.0,2.0,2.0,2.0
Rater_6,Person_49,1.0,2.0,2.0,1.0,2.0,3.0,1.0,1.0
Rater_6,Person_50,3.0,5.0,4.0,4.0,4.0,4.0,5.0,4.0
Rater_6,Person_51,2.0,2.0,3.0,1.0,1.0,1.0,1.0,0.0
Rater_6,Person_52,2.0,1.0,2.0,1.0,1.0,1.0,1.0,1.0
Rater_6,Person_53,3.0,4.0,4.0,5.0,3.0,3.0,3.0,2.0
Rater_6,Person_54,3.0,3.0,2.0,3.0,4.0,3.0,3.0,5.0
Rater_6,Person_55,2.0,3.0,3.0,4.0,4.0,3.0,3.0,2.0
Rater_6,Person_56,3.0,4.0,5.0,4.0,4.0,3.0,4.0,2.0
Rater_6,Person_57,1.0,3.0,4.0,3.0,3.0,4.0,3.0,2.0
Rater_6,Person_58,1.0,4.0,2.0,3.0,3.0,3.0,2.0,1.0
Rater_6,Person_59,3.0,2.0,3.0,2.0,3.0,2.0,2.0,1.0
Rater_6,Person_60,4.0,5.0,5.0,4.0,4.0,5.0,4.0,3.0
Rater_6,Person_61,3.0,4.0,2.0,3.0,3.0,3.0,1.0,3.0
Rater_6,Person_62,1.0,4.0,2.0,3.0,2.0,3.0,3.0,2.0
Rater_6,Person_63,3.0,4.0,3.0,2.0,3.0,4.0,3.0,1.0
Rater_6,Person_64,3.0,3.0,2.0,2.0,3.0,4.0,3.0,1.0
Rater_6,Person_65,3.0,3.0,3.0,3.0,3.0,3.0,1.0,2.0
Rater_6,Person_66,2.0,3.0,3.0,1.0,3.0,3.0,2.0,1.0
Rater_6,Person_67,1.0,2.0,3.0,3.0,3.0,3.0,1.0,1.0
Rater_6,Person_68,0.0,3.0,2.0,2.0,2.0,1.0,2.0,0.0
Rater_6,Person_69,0.0,3.0,2.0,1.0,1.0,3.0,0.0,0.0
Rater_6,Person_70,3.0,4.0,4.0,4.0,4.0,5.0,3.0,2.0
Rater_6,Person_71,2.0,3.0,2.0,1.0,2.0,3.0,2.0,0.0
Rater_6,Person_72,2.0,1.0,3.0,1.0,2.0,3.0,1.0,1.0
Rater_6,Person_73,1.0,3.0,3.0,3.0,2.0,3.0,0.0,1.0
Rater_6,Person_74,4.0,5.0,4.0,4.0,4.0,5.0,3.0,2.0
Rater_6,Person_75,3.0,3.0,3.0,2.0,3.0,3.0,1.0,1.0
Rater_6,Person_76,2.0,4.0,3.0,2.0,3.0,3.0,3.0,0.0
Rater_6,Person_77,0.0,3.0,3.0,1.0,2.0,2.0,2.0,0.0
Rater_6,Person_78,1.0,2.0,1.0,0.0,1.0,1.0,1.0,0.0
Rater_6,Person_79,3.0,4.0,3.0,3.0,2.0,3.0,2.0,1.0
Rater_6,Person_80,4.0,4.0,3.0,4.0,4.0,4.0,3.0,3.0
Rater_6,Person_81,0.0,2.0,1.0,0.0,1.0,1.0,0.0,0.0
Rater_6,Person_82,2.0,2.0,4.0,3.0,1.0,3.0,2.0,2.0
Rater_6,Person_83,0.0,3.0,2.0,0.0,0.0,0.0,1.0,0.0
Rater_6,Person_84,1.0,3.0,3.0,3.0,1.0,2.0,1.0,0.0
Rater_6,Person_85,2.0,3.0,3.0,2.0,3.0,2.0,1.0,1.0
Rater_6,Person_86,1.0,4.0,3.0,4.0,3.0,3.0,3.0,3.0
Rater_6,Person_87,2.0,4.0,3.0,3.0,3.0,4.0,1.0,2.0
Rater_6,Person_88,1.0,3.0,2.0,2.0,0.0,3.0,2.0,0.0
Rater_6,Person_89,3.0,4.0,4.0,3.0,4.0,3.0,3.0,3.0
Rater_6,Person_90,3.0,4.0,3.0,3.0,3.0,2.0,1.0,1.0
Rater_6,Person_91,2.0,4.0,4.0,3.0,3.0,4.0,3.0,3.0
Rater_6,Person_92,4.0,5.0,5.0,3.0,4.0,5.0,4.0,3.0
Rater_6,Person_93,3.0,4.0,3.0,2.0,3.0,4.0,3.0,2.0
Rater_6,Person_94,3.0,5.0,3.0,3.0,4.0,5.0,3.0,3.0
Rater_6,Person_95,3.0,4.0,3.0,3.0,3.0,4.0,2.0,3.0
Rater_6,Person_96,3.0,4.0,3.0,3.0,3.0,2.0,3.0,0.0
Rater_6,Person_97,3.0,4.0,3.0,4.0,3.0,4.0,2.0,3.0
Rater_6,Person_98,3.0,4.0,4.0,4.0,3.0,4.0,3.0,3.0
Rater_6,Person_99,3.0,4.0,4.0,4.0,4.0,4.0,3.0,1.0
Rater_6,Person_100,2.0,3.0,3.0,3.0,1.0,2.0,3.0,0.0
Rater_6,Person_101,3.0,3.0,3.0,3.0,2.0,4.0,3.0,2.0
Rater_6,Person_102,3.0,3.0,2.0,1.0,3.0,3.0,3.0,0.0
Rater_6,Person_103,1.0,1.0,1.0,0.0,0.0,2.0,2.0,0.0
Rater_6,Person_104,2.0,3.0,3.0,3.0,2.0,4.0,2.0,0.0
Rater_6,Person_105,3.0,3.0,4.0,4.0,3.0,3.0,2.0,1.0
Rater_6,Person_106,1.0,3.0,3.0,3.0,3.0,3.0,3.0,1.0
Rater_6,Person_107,3.0,4.0,4.0,3.0,4.0,3.0,5.0,3.0
Rater_6,Person_108,2.0,3.0,3.0,4.0,3.0,3.0,3.0,1.0
Rater_6,Person_109,4.0,4.0,4.0,4.0,4.0,5.0,4.0,3.0
Rater_6,Person_110,1.0,2.0,2.0,0.0,1.0,1.0,2.0,0.0
Rater_6,Person_111,4.0,4.0,4.0,4.0,4.0,5.0,4.0,2.0
Rater_6,Person_112,3.0,4.0,3.0,3.0,4.0,2.0,2.0,1.0
Rater_6,Person_113,4.0,4.0,3.0,5.0,4.0,3.0,2.0,3.0
Rater_6,Person_114,4.0,5.0,4.0,3.0,3.0,4.0,3.0,3.0
Rater_6,Person_115,2.0,3.0,2.0,1.0,2.0,2.0,2.0,1.0
Rater_6,Person_116,3.0,4.0,3.0,3.0,4.0,3.0,2.0,2.0
Rater_6,Person_117,3.0,4.0,3.0,3.0,4.0,4.0,2.0,1.0
Rater_6,Person_118,2.0,3.0,3.0,3.0,3.0,3.0,3.0,1.0
Rater_6,Person_119,3.0,4.0,4.0,4.0,4.0,4.0,4.0,3.0
Rater_6,Person_120,3.0,4.0,1.0,2.0,2.0,3.0,1.0,1.0
Rater_6,Person_121,2.0,3.0,2.0,3.0,3.0,3.0,3.0,2.0
Rater_6,Person_122,2.0,3.0,3.0,3.0,2.0,2.0,1.0,0.0
Rater_6,Person_123,3.0,4.0,3.0,4.0,5.0,3.0,4.0,2.0
Rater_6,Person_124,1.0,3.0,2.0,1.0,3.0,1.0,2.0,2.0
Rater_6,Person_125,1.0,4.0,2.0,3.0,3.0,3.0,3.0,0.0
Rater_6,Person_126,2.0,3.0,1.0,0.0,2.0,3.0,1.0,0.0
Rater_6,Person_127,1.0,2.0,2.0,0.0,1.0,3.0,1.0,1.0
Rater_6,Person_128,1.0,2.0,2.0,1.0,1.0,1.0,0.0,0.0
Rater_6,Person_129,1.0,3.0,3.0,4.0,4.0,3.0,3.0,2.0
Rater_6,Person_130,3.0,3.0,4.0,3.0,3.0,3.0,3.0,1.0
Rater_6,Person_131,1.0,1.0,2.0,1.0,3.0,3.0,1.0,1.0
Rater_6,Person_132,4.0,5.0,4.0,4.0,4.0,4.0,4.0,3.0
Rater_6,Person_133,1.0,3.0,2.0,1.0,0.0,2.0,1.0,2.0
Rater_6,Person_134,4.0,4.0,4.0,3.0,4.0,5.0,3.0,2.0
Rater_6,Person_135,2.0,2.0,3.0,1.0,3.0,2.0,1.0,1.0
Rater_6,Person_136,3.0,4.0,3.0,3.0,3.0,4.0,3.0,1.0
Rater_6,Person_137,3.0,4.0,2.0,4.0,3.0,3.0,2.0,0.0
Rater_6,Person_138,2.0,2.0,2.0,3.0,1.0,3.0,2.0,1.0
Rater_6,Person_139,3.0,4.0,4.0,4.0,4.0,3.0,3.0,1.0
Rater_6,Person_140,2.0,3.0,1.0,2.0,3.0,4.0,3.0,0.0
Rater_6,Person_141,0.0,4.0,3.0,2.0,3.0,3.0,2.0,2.0
Rater_6,Person_142,1.0,3.0,3.0,2.0,2.0,3.0,1.0,0.0
Rater_6,Person_143,4.0,4.0,4.0,3.0,4.0,3.0,4.0,3.0
Rater_6,Person_144,2.0,2.0,3.0,3.0,2.0,3.0,3.0,0.0
Rater_6,Person_145,3.0,4.0,3.0,3.0,3.0,4.0,3.0,1.0
Rater_6,Person_146,3.0,4.0,4.0,3.0,4.0,3.0,2.0,2.0
Rater_6,Person_147,3.0,4.0,3.0,4.0,4.0,2.0,3.0,2.0
Rater_6,Person_148,4.0,4.0,4.0,4.0,5.0,4.0,3.0,3.0
Rater_6,Person_149,5.0,5.0,4.0,5.0,4.0,4.0,4.0,3.0
Rater_6,Person_150,3.0,3.0,2.0,3.0,3.0,2.0,2.0,2.0
Rater_6,Person_151,3.0,4.0,3.0,2.0,3.0,4.0,2.0,2.0
Rater_6,Person_152,4.0,3.0,4.0,4.0,4.0,4.0,4.0,1.0
Rater_6,Person_153,1.0,3.0,2.0,1.0,1.0,1.0,1.0,1.0
Rater_6,Person_154,1.0,2.0,1.0,2.0,2.0,1.0,0.0,0.0
Rater_6,Person_155,2.0,3.0,3.0,3.0,3.0,3.0,3.0,2.0
Rater_6,Person_156,1.0,3.0,3.0,2.0,1.0,3.0,3.0,0.0
Rater_6,Person_157,2.0,3.0,3.0,2.0,3.0,2.0,3.0,1.0
Rater_6,Person_158,3.0,3.0,3.0,2.0,3.0,4.0,3.0,0.0
Rater_6,Person_159,2.0,4.0,3.0,4.0,3.0,3.0,1.0,0.0
Rater_6,Person_160,3.0,5.0,3.0,3.0,3.0,3.0,3.0,2.0
Rater_6,Person_161,4.0,3.0,4.0,4.0,4.0,4.0,4.0,3.0
Rater_6,Person_162,4.0,4.0,4.0,5.0,3.0,3.0,3.0,3.0
Rater_6,Person_163,0.0,3.0,3.0,1.0,1.0,3.0,0.0,1.0
Rater_6,Person_164,3.0,3.0,4.0,3.0,3.0,4.0,3.0,1.0
Rater_6,Person_165,0.0,4.0,2.0,0.0,1.0,2.0,1.0,0.0
Rater_6,Person_166,3.0,2.0,3.0,3.0,3.0,3.0,3.0,2.0
Rater_6,Person_167,2.0,2.0,2.0,2.0,3.0,2.0,1.0,0.0
Rater_6,Person_168,2.0,3.0,2.0,2.0,3.0,1.0,2.0,0.0
Rater_6,Person_169,1.0,3.0,2.0,2.0,3.0,3.0,3.0,1.0
Rater_6,Person_170,2.0,3.0,3.0,2.0,1.0,3.0,1.0,1.0
Rater_6,Person_171,3.0,4.0,2.0,3.0,4.0,4.0,3.0,3.0
Rater_6,Person_172,3.0,5.0,3.0,4.0,4.0,3.0,3.0,1.0
Rater_6,Person_173,4.0,4.0,3.0,4.0,4.0,4.0,4.0,2.0
Rater_6,Person_174,3.0,3.0,4.0,3.0,4.0,3.0,1.0,1.0
Rater_6,Person_175,3.0,5.0,4.0,4.0,4.0,4.0,4.0,2.0
Rater_6,Person_176,3.0,4.0,5.0,4.0,4.0,4.0,4.0,4.0
Rater_6,Person_177,1.0,3.0,3.0,1.0,4.0,4.0,2.0,0.0
Rater_6,Person_178,3.0,3.0,3.0,3.0,3.0,5.0,3.0,2.0
Rater_6,Person_179,1.0,4.0,2.0,1.0,1.0,2.0,2.0,0.0
Rater_6,Person_180,0.0,3.0,3.0,1.0,2.0,3.0,1.0,0.0
Rater_6,Person_181,1.0,3.0,2.0,1.0,2.0,1.0,2.0,1.0
Rater_6,Person_182,3.0,3.0,3.0,3.0,3.0,2.0,3.0,0.0
Rater_6,Person_183,3.0,3.0,4.0,3.0,2.0,3.0,2.0,1.0
Rater_6,Person_184,2.0,3.0,3.0,3.0,3.0,3.0,3.0,2.0
Rater_6,Person_185,2.0,3.0,3.0,3.0,2.0,3.0,2.0,1.0
Rater_6,Person_186,3.0,4.0,4.0,3.0,4.0,3.0,1.0,3.0
Rater_6,Person_187,2.0,4.0,5.0,3.0,4.0,4.0,3.0,3.0
Rater_6,Person_188,2.0,3.0,2.0,1.0,2.0,3.0,4.0,1.0
Rater_6,Person_189,2.0,2.0,3.0,1.0,3.0,3.0,1.0,0.0
Rater_6,Person_190,2.0,4.0,3.0,3.0,2.0,3.0,3.0,1.0
Rater_6,Person_191,4.0,4.0,4.0,4.0,2.0,5.0,4.0,2.0
Rater_6,Person_192,3.0,5.0,3.0,3.0,3.0,4.0,2.0,1.0
Rater_6,Person_193,3.0,4.0,5.0,3.0,3.0,4.0,3.0,1.0
Rater_6,Person_194,1.0,3.0,4.0,3.0,3.0,2.0,3.0,1.0
Rater_6,Person_195,2.0,4.0,3.0,3.0,3.0,3.0,3.0,1.0
Rater_6,Person_196,0.0,3.0,2.0,1.0,2.0,2.0,1.0,1.0
Rater_6,Person_197,3.0,4.0,4.0,3.0,4.0,4.0,4.0,2.0
Rater_6,Person_198,4.0,4.0,3.0,4.0,4.0,4.0,3.0,3.0
Rater_6,Person_199,1.0,4.0,3.0,2.0,2.0,3.0,3.0,1.0
Rater_6,Person_200,3.0,3.0,3.0,2.0,3.0,4.0,2.0,0.0
Rater_7,Person_1,4.0,3.0,4.0,3.0,3.0,5.0,3.0,2.0
Rater_7,Person_2,3.0,3.0,3.0,3.0,2.0,4.0,1.0,0.0
Rater_7,Person_3,3.0,4.0,5.0,4.0,3.0,5.0,4.0,3.0
Rater_7,Person_4,3.0,3.0,3.0,4.0,4.0,3.0,1.0,2.0
Rater_7,Person_5,0.0,3.0,3.0,3.0,1.0,3.0,0.0,1.0
Rater_7,Person_6,0.0,3.0,3.0,2.0,2.0,4.0,1.0,0.0
Rater_7,Person_7,2.0,4.0,4.0,3.0,3.0,4.0,2.0,2.0
Rater_7,Person_8,2.0,3.0,3.0,4.0,2.0,5.0,3.0,0.0
Rater_7,Person_9,3.0,3.0,3.0,2.0,3.0,4.0,1.0,2.0
Rater_7,Person_10,3.0,4.0,4.0,4.0,3.0,3.0,3.0,1.0
Rater_7,Person_11,3.0,3.0,4.0,3.0,3.0,4.0,1.0,2.0
Rater_7,Person_12,3.0,3.0,3.0,4.0,3.0,5.0,1.0,2.0
Rater_7,Person_13,0.0,1.0,2.0,1.0,2.0,3.0,0.0,1.0
Rater_7,Person_14,3.0,3.0,4.0,3.0,3.0,4.0,1.0,1.0
Rater_7,Person_15,4.0,5.0,4.0,5.0,5.0,4.0,1.0,3.0
Rater_7,Person_16,2.0,3.0,3.0,2.0,5.0,4.0,2.0,1.0
Rater_7,Person_17,2.0,4.0,4.0,3.0,3.0,4.0,2.0,1.0
Rater_7,Person_18,4.0,3.0,3.0,5.0,3.0,4.0,3.0,2.0
Rater_7,Person_19,1.0,1.0,2.0,3.0,2.0,4.0,0.0,1.0
Rater_7,Person_20,2.0,4.0,3.0,2.0,3.0,4.0,2.0,3.0
Rater_7,Person_21,2.0,3.0,3.0,2.0,3.0,4.0,2.0,2.0
Rater_7,Person_22,3.0,2.0,2.0,1.0,3.0,3.0,1.0,1.0
Rater_7,Person_23,2.0,4.0,3.0,3.0,3.0,4.0,1.0,1.0
Rater_7,Person_24,3.0,3.0,2.0,3.0,3.0,4.0,1.0,1.0
Rater_7,Person_25,4.0,4.0,4.0,3.0,3.0,3.0,2.0,2.0
Rater_7,Person_26,4.0,5.0,5.0,4.0,4.0,5.0,4.0,4.0
Rater_7,Person_27,3.0,3.0,3.0,3.0,4.0,4.0,3.0,0.0
Rater_7,Person_28,3.0,4.0,4.0,3.0,4.0,4.0,3.0,3.0
Rater_7,Person_29,2.0,3.0,2.0,1.0,2.0,4.0,0.0,1.0
Rater_7,Person_30,3.0,3.0,3.0,3.0,3.0,3.0,2.0,0.0
Rater_7,Person_31,3.0,4.0,3.0,3.0,3.0,4.0,1.0,0.0
Rater_7,Person_32,0.0,1.0,1.0,2.0,1.0,0.0,0.0,0.0
Rater_7,Person_33,3.0,3.0,3.0,3.0,2.0,4.0,0.0,1.0
Rater_7,Person_34,2.0,3.0,2.0,3.0,3.0,3.0,0.0,1.0
Rater_7,Person_35,3.0,3.0,3.0,4.0,3.0,3.0,1.0,2.0
Rater_7,Person_36,3.0,4.0,4.0,4.0,3.0,4.0,1.0,2.0
Rater_7,Person_37,3.0,4.0,4.0,4.0,4.0,4.0,3.0,2.0
Rater_7,Person_38,1.0,4.0,3.0,3.0,3.0,3.0,2.0,3.0
Rater_7,Person_39,3.0,4.0,2.0,5.0,1.0,4.0,2.0,0.0
Rater_7,Person_40,3.0,4.0,3.0,3.0,3.0,4.0,1.0,1.0
Rater_7,Person_41,2.0,3.0,3.0,3.0,2.0,4.0,1.0,1.0
Rater_7,Person_42,0.0,0.0,1.0,0.0,1.0,3.0,0.0,0.0
Rater_7,Person_43,2.0,3.0,2.0,3.0,3.0,3.0,1.0,0.0
Rater_7,Person_44,3.0,2.0,3.0,2.0,3.0,3.0,1.0,0.0
Rater_7,Person_45,3.0,4.0,4.0,4.0,5.0,4.0,2.0,0.0
Rater_7,Person_46,1.0,2.0,3.0,3.0,3.0,3.0,1.0,0.0
Rater_7,Person_47,2.0,3.0,2.0,2.0,1.0,4.0,0.0,0.0
Rater_7,Person_48,3.0,2.0,4.0,3.0,3.0,4.0,2.0,0.0
Rater_7,Person_49,1.0,3.0,2.0,2.0,2.0,3.0,0.0,0.0
Rater_7,Person_50,3.0,4.0,3.0,4.0,3.0,4.0,4.0,2.0
Rater_7,Person_51,1.0,2.0,3.0,2.0,1.0,3.0,0.0,0.0
Rater_7,Person_52,1.0,1.0,2.0,1.0,2.0,2.0,0.0,0.0
Rater_7,Person_53,2.0,4.0,4.0,4.0,4.0,4.0,4.0,3.0
Rater_7,Person_54,4.0,4.0,3.0,4.0,3.0,4.0,1.0,2.0
Rater_7,Person_55,3.0,4.0,3.0,1.0,3.0,4.0,2.0,1.0
Rater_7,Person_56,4.0,3.0,5.0,4.0,5.0,5.0,2.0,1.0
Rater_7,Person_57,1.0,4.0,3.0,1.0,2.0,3.0,2.0,1.0
Rater_7,Person_58,2.0,3.0,3.0,2.0,2.0,2.0,0.0,0.0
Rater_7,Person_59,2.0,2.0,3.0,3.0,2.0,3.0,2.0,1.0
Rater_7,Person_60,4.0,5.0,5.0,4.0,4.0,4.0,3.0,3.0
Rater_7,Person_61,3.0,4.0,4.0,3.0,3.0,5.0,2.0,2.0
Rater_7,Person_62,1.0,3.0,2.0,1.0,3.0,4.0,2.0,0.0
Rater_7,Person_63,4.0,3.0,4.0,4.0,3.0,5.0,3.0,2.0
Rater_7,Person_64,2.0,3.0,4.0,2.0,3.0,4.0,2.0,0.0
Rater_7,Person_65,3.0,3.0,3.0,3.0,3.0,4.0,1.0,1.0
Rater_7,Person_66,1.0,2.0,4.0,4.0,3.0,4.0,2.0,0.0
Rater_7,Person_67,2.0,2.0,3.0,2.0,2.0,2.0,1.0,1.0
Rater_7,Person_68,0.0,1.0,2.0,2.0,2.0,2.0,1.0,1.0
Rater_7,Person_69,0.0,1.0,4.0,0.0,1.0,3.0,0.0,0.0
Rater_7,Person_70,2.0,4.0,4.0,3.0,2.0,4.0,3.0,1.0
Rater_7,Person_71,0.0,1.0,3.0,2.0,1.0,2.0,1.0,0.0
Rater_7,Person_72,1.0,2.0,2.0,3.0,3.0,3.0,1.0,0.0
Rater_7,Person_73,1.0,3.0,3.0,1.0,4.0,4.0,1.0,0.0
Rater_7,Person_74,4.0,4.0,4.0,4.0,4.0,4.0,3.0,3.0
Rater_7,Person_75,3.0,3.0,3.0,2.0,3.0,3.0,2.0,1.0
Rater_7,Person_76,1.0,3.0,2.0,2.0,2.0,4.0,1.0,0.0
Rater_7,Person_77,0.0,3.0,2.0,2.0,1.0,3.0,0.0,0.0
Rater_7,Person_78,0.0,2.0,1.0,1.0,1.0,1.0,0.0,0.0
Rater_7,Person_79,2.0,3.0,4.0,3.0,2.0,4.0,1.0,0.0
Rater_7,Person_80,3.0,3.0,4.0,3.0,3.0,3.0,3.0,2.0
Rater_7,Person_81,0.0,1.0,1.0,1.0,1.0,1.0,0.0,0.0
Rater_7,Person_82,3.0,3.0,4.0,3.0,2.0,3.0,2.0,1.0
Rater_7,Person_83,0.0,1.0,1.0,0.0,0.0,2.0,0.0,0.0
Rater_7,Person_84,2.0,3.0,4.0,1.0,1.0,3.0,2.0,0.0
Rater_7,Person_85,2.0,3.0,3.0,1.0,3.0,3.0,1.0,0.0
Rater_7,Person_86,3.0,4.0,4.0,4.0,3.0,4.0,2.0,2.0
Rater_7,Person_87,1.0,3.0,3.0,4.0,3.0,4.0,1.0,1.0
Rater_7,Person_88,0.0,1.0,3.0,2.0,0.0,3.0,0.0,0.0
Rater_7,Person_89,2.0,4.0,3.0,4.0,3.0,4.0,2.0,1.0
Rater_7,Person_90,3.0,2.0,3.0,3.0,2.0,4.0,1.0,1.0
Rater_7,Person_91,3.0,4.0,3.0,3.0,3.0,5.0,3.0,1.0
Rater_7,Person_92,3.0,3.0,5.0,3.0,4.0,5.0,2.0,2.0
Rater_7,Person_93,3.0,4.0,3.0,3.0,3.0,5.0,1.0,1.0
Rater_7,Person_94,4.0,4.0,5.0,3.0,4.0,5.0,4.0,3.0
Rater_7,Person_95,2.0,3.0,4.0,4.0,3.0,5.0,1.0,1.0
Rater_7,Person_96,2.0,3.0,2.0,3.0,3.0,4.0,1.0,1.0
Rater_7,Person_97,3.0,4.0,3.0,3.0,3.0,4.0,3.0,2.0
Rater_7,Person_98,3.0,4.0,4.0,4.0,3.0,3.0,3.0,2.0
Rater_7,Person_99,3.0,4.0,4.0,3.0,4.0,5.0,3.0,2.0
Rater_7,Person_100,1.0,3.0,1.0,3.0,1.0,4.0,2.0,0.0
Rater_7,Person_101,3.0,3.0,3.0,3.0,4.0,4.0,1.0,1.0
Rater_7,Person_102,3.0,4.0,3.0,3.0,3.0,3.0,2.0,0.0
Rater_7,Person_103,0.0,3.0,1.0,1.0,0.0,1.0,0.0,1.0
Rater_7,Person_104,2.0,3.0,3.0,2.0,3.0,4.0,2.0,1.0
Rater_7,Person_105,2.0,4.0,2.0,2.0,3.0,4.0,2.0,1.0
Rater_7,Person_106,1.0,0.0,2.0,3.0,3.0,2.0,1.0,1.0
Rater_7,Person_107,4.0,4.0,4.0,4.0,5.0,5.0,4.0,3.0
Rater_7,Person_108,3.0,3.0,3.0,3.0,1.0,4.0,1.0,1.0
Rater_7,Person_109,4.0,4.0,4.0,5.0,4.0,5.0,3.0,4.0
Rater_7,Person_110,1.0,2.0,2.0,3.0,2.0,3.0,0.0,0.0
Rater_7,Person_111,4.0,4.0,3.0,4.0,4.0,4.0,2.0,3.0
Rater_7,Person_112,3.0,4.0,3.0,3.0,4.0,4.0,2.0,1.0
Rater_7,Person_113,3.0,4.0,4.0,3.0,3.0,5.0,3.0,3.0
Rater_7,Person_114,2.0,4.0,4.0,4.0,4.0,5.0,3.0,1.0
Rater_7,Person_115,3.0,2.0,3.0,1.0,3.0,3.0,0.0,1.0
Rater_7,Person_116,3.0,3.0,3.0,2.0,2.0,4.0,2.0,0.0
Rater_7,Person_117,3.0,3.0,3.0,2.0,3.0,4.0,2.0,2.0
Rater_7,Person_118,1.0,3.0,3.0,2.0,3.0,4.0,1.0,0.0
Rater_7,Person_119,3.0,4.0,4.0,4.0,4.0,4.0,2.0,2.0
Rater_7,Person_120,0.0,3.0,2.0,3.0,1.0,1.0,0.0,0.0
Rater_7,Person_121,3.0,3.0,3.0,3.0,2.0,3.0,3.0,1.0
Rater_7,Person_122,1.0,3.0,1.0,4.0,3.0,2.0,0.0,1.0
Rater_7,Person_123,3.0,4.0,5.0,4.0,4.0,5.0,2.0,2.0
Rater_7,Person_124,1.0,2.0,4.0,3.0,2.0,3.0,0.0,0.0
Rater_7,Person_125,3.0,3.0,4.0,2.0,2.0,3.0,0.0,0.0
Rater_7,Person_126,1.0,1.0,1.0,1.0,1.0,3.0,0.0,0.0
Rater_7,Person_127,0.0,3.0,2.0,2.0,2.0,3.0,1.0,0.0
Rater_7,Person_128,0.0,3.0,3.0,1.0,1.0,2.0,0.0,0.0
Rater_7,Person_129,2.0,3.0,3.0,2.0,1.0,4.0,2.0,0.0
Rater_7,Person_130,3.0,3.0,1.0,2.0,3.0,3.0,0.0,1.0
Rater_7,Person_131,1.0,3.0,2.0,3.0,3.0,3.0,0.0,0.0
Rater_7,Person_132,3.0,5.0,5.0,5.0,3.0,4.0,3.0,3.0
Rater_7,Person_133,2.0,3.0,4.0,3.0,3.0,4.0,1.0,0.0
Rater_7,Person_134,3.0,4.0,3.0,4.0,3.0,4.0,3.0,2.0
Rater_7,Person_135,0.0,3.0,3.0,2.0,3.0,3.0,0.0,0.0
Rater_7,Person_136,2.0,4.0,2.0,3.0,4.0,5.0,2.0,2.0
Rater_7,Person_137,3.0,2.0,3.0,3.0,1.0,3.0,1.0,0.0
Rater_7,Person_138,2.0,2.0,3.0,2.0,1.0,3.0,1.0,0.0
Rater_7,Person_139,3.0,3.0,3.0,3.0,3.0,4.0,1.0,1.0
Rater_7,Person_140,1.0,1.0,3.0,3.0,3.0,3.0,2.0,0.0
Rater_7,Person_141,2.0,2.0,3.0,3.0,2.0,4.0,1.0,1.0
Rater_7,Person_142,1.0,2.0,3.0,3.0,2.0,4.0,0.0,0.0
Rater_7,Person_143,3.0,4.0,5.0,3.0,3.0,5.0,1.0,1.0
Rater_7,Person_144,2.0,4.0,3.0,1.0,3.0,3.0,0.0,0.0
Rater_7,Person_145,4.0,3.0,4.0,3.0,3.0,3.0,1.0,2.0
Rater_7,Person_146,3.0,3.0,3.0,3.0,3.0,4.0,3.0,0.0
Rater_7,Person_147,2.0,4.0,4.0,2.0,4.0,3.0,2.0,2.0
Rater_7,Person_148,4.0,4.0,4.0,3.0,4.0,5.0,4.0,2.0
Rater_7,Person_149,4.0,5.0,5.0,5.0,4.0,5.0,3.0,2.0
Rater_7,Person_150,2.0,4.0,3.0,3.0,3.0,2.0,2.0,0.0
Rater_7,Person_151,3.0,3.0,4.0,3.0,3.0,4.0,2.0,1.0
Rater_7,Person_152,4.0,5.0,5.0,4.0,5.0,4.0,3.0,1.0
Rater_7,Person_153,1.0,3.0,3.0,0.0,1.0,4.0,0.0,0.0
Rater_7,Person_154,2.0,0.0,3.0,2.0,1.0,4.0,0.0,0.0
Rater_7,Person_155,1.0,4.0,4.0,3.0,3.0,3.0,1.0,1.0
Rater_7,Person_156,3.0,3.0,3.0,3.0,3.0,3.0,2.0,0.0
Rater_7,Person_157,3.0,3.0,3.0,3.0,2.0,3.0,1.0,0.0
Rater_7,Person_158,2.0,3.0,3.0,2.0,3.0,4.0,1.0,0.0
Rater_7,Person_159,2.0,3.0,3.0,3.0,1.0,4.0,1.0,1.0
Rater_7,Person_160,3.0,5.0,2.0,4.0,3.0,4.0,4.0,2.0
Rater_7,Person_161,3.0,3.0,3.0,4.0,3.0,5.0,1.0,1.0
Rater_7,Person_162,4.0,4.0,4.0,4.0,4.0,5.0,2.0,2.0
Rater_7,Person_163,1.0,3.0,3.0,1.0,2.0,2.0,0.0,0.0
Rater_7,Person_164,3.0,3.0,3.0,3.0,3.0,3.0,2.0,1.0
Rater_7,Person_165,1.0,2.0,3.0,1.0,1.0,3.0,1.0,0.0
Rater_7,Person_166,2.0,3.0,3.0,3.0,1.0,3.0,0.0,0.0
Rater_7,Person_167,1.0,3.0,4.0,1.0,2.0,4.0,1.0,0.0
Rater_7,Person_168,1.0,2.0,2.0,2.0,1.0,2.0,0.0,1.0
Rater_7,Person_169,1.0,2.0,1.0,3.0,3.0,3.0,1.0,0.0
Rater_7,Person_170,1.0,3.0,2.0,1.0,2.0,4.0,2.0,0.0
Rater_7,Person_171,3.0,4.0,4.0,3.0,4.0,4.0,3.0,1.0
Rater_7,Person_172,3.0,3.0,4.0,3.0,4.0,5.0,2.0,3.0
Rater_7,Person_173,3.0,4.0,4.0,4.0,4.0,5.0,3.0,1.0
Rater_7,Person_174,2.0,3.0,3.0,3.0,2.0,3.0,1.0,0.0
Rater_7,Person_175,3.0,5.0,4.0,4.0,4.0,5.0,3.0,2.0
Rater_7,Person_176,3.0,4.0,4.0,4.0,3.0,5.0,4.0,2.0
Rater_7,Person_177,2.0,3.0,3.0,2.0,2.0,3.0,1.0,0.0
Rater_7,Person_178,3.0,4.0,4.0,3.0,4.0,3.0,3.0,2.0
Rater_7,Person_179,2.0,3.0,3.0,1.0,3.0,3.0,0.0,0.0
Rater_7,Person_180,1.0,1.0,1.0,0.0,0.0,3.0,0.0,1.0
Rater_7,Person_181,1.0,2.0,2.0,2.0,3.0,3.0,0.0,0.0
Rater_7,Person_182,2.0,3.0,3.0,3.0,4.0,3.0,0.0,1.0
Rater_7,Person_183,3.0,3.0,3.0,4.0,3.0,3.0,3.0,0.0
Rater_7,Person_184,3.0,3.0,4.0,4.0,3.0,4.0,3.0,1.0
Rater_7,Person_185,1.0,3.0,3.0,4.0,3.0,4.0,3.0,1.0
Rater_7,Person_186,3.0,4.0,3.0,4.0,5.0,4.0,3.0,1.0
Rater_7,Person_187,2.0,4.0,4.0,2.0,3.0,4.0,1.0,3.0
Rater_7,Person_188,3.0,1.0,4.0,4.0,3.0,4.0,1.0,0.0
Rater_7,Person_189,1.0,2.0,3.0,3.0,3.0,3.0,1.0,0.0
Rater_7,Person_190,2.0,3.0,2.0,2.0,2.0,4.0,1.0,0.0
Rater_7,Person_191,3.0,3.0,4.0,3.0,3.0,3.0,3.0,2.0
Rater_7,Person_192,3.0,3.0,3.0,3.0,3.0,4.0,2.0,1.0
Rater_7,Person_193,2.0,4.0,5.0,3.0,4.0,4.0,3.0,2.0
Rater_7,Person_194,3.0,3.0,3.0,1.0,3.0,2.0,3.0,1.0
Rater_7,Person_195,2.0,3.0,4.0,2.0,3.0,3.0,1.0,1.0
Rater_7,Person_196,1.0,3.0,3.0,1.0,1.0,3.0,0.0,0.0
Rater_7,Person_197,3.0,5.0,4.0,4.0,3.0,5.0,3.0,1.0
Rater_7,Person_198,4.0,3.0,4.0,3.0,3.0,5.0,2.0,3.0
Rater_7,Person_199,1.0,2.0,3.0,3.0,3.0,4.0,1.0,0.0
Rater_7,Person_200,1.0,2.0,3.0,3.0,1.0,3.0,1.0,1.0
Rater_8,Person_1,3.0,4.0,3.0,5.0,3.0,3.0,2.0,2.0
Rater_8,Person_2,1.0,3.0,3.0,4.0,2.0,2.0,3.0,0.0
Rater_8,Person_3,2.0,5.0,4.0,3.0,3.0,4.0,3.0,3.0
Rater_8,Person_4,1.0,3.0,3.0,4.0,1.0,3.0,1.0,1.0
Rater_8,Person_5,1.0,3.0,3.0,3.0,1.0,3.0,1.0,0.0
Rater_8,Person_6,1.0,3.0,3.0,3.0,2.0,3.0,2.0,2.0
Rater_8,Person_7,3.0,4.0,3.0,3.0,1.0,3.0,3.0,1.0
Rater_8,Person_8,0.0,4.0,2.0,4.0,3.0,2.0,0.0,1.0
Rater_8,Person_9,3.0,3.0,3.0,3.0,3.0,4.0,4.0,2.0
Rater_8,Person_10,2.0,3.0,2.0,3.0,2.0,4.0,4.0,1.0
Rater_8,Person_11,1.0,3.0,4.0,4.0,3.0,4.0,3.0,3.0
Rater_8,Person_12,2.0,4.0,3.0,4.0,3.0,3.0,3.0,2.0
Rater_8,Person_13,1.0,2.0,2.0,2.0,2.0,3.0,2.0,1.0
Rater_8,Person_14,2.0,4.0,4.0,4.0,3.0,3.0,3.0,1.0
Rater_8,Person_15,4.0,4.0,4.0,5.0,4.0,5.0,4.0,3.0
Rater_8,Person_16,3.0,3.0,3.0,4.0,3.0,4.0,2.0,3.0
Rater_8,Person_17,3.0,3.0,2.0,4.0,2.0,3.0,2.0,1.0
Rater_8,Person_18,3.0,3.0,4.0,4.0,3.0,3.0,3.0,1.0
Rater_8,Person_19,2.0,3.0,3.0,3.0,1.0,3.0,0.0,2.0
Rater_8,Person_20,3.0,3.0,4.0,3.0,3.0,4.0,3.0,1.0
Rater_8,Person_21,1.0,4.0,3.0,3.0,3.0,3.0,3.0,1.0
Rater_8,Person_22,2.0,3.0,1.0,2.0,3.0,4.0,2.0,2.0
Rater_8,Person_23,3.0,3.0,4.0,3.0,3.0,4.0,3.0,4.0
Rater_8,Person_24,3.0,3.0,2.0,4.0,2.0,3.0,3.0,2.0
Rater_8,Person_25,4.0,3.0,3.0,3.0,3.0,4.0,4.0,4.0
Rater_8,Person_26,4.0,5.0,5.0,5.0,4.0,5.0,5.0,4.0
Rater_8,Person_27,1.0,4.0,3.0,3.0,3.0,3.0,3.0,3.0
Rater_8,Person_28,2.0,4.0,3.0,5.0,2.0,4.0,3.0,4.0
Rater_8,Person_29,1.0,2.0,2.0,2.0,1.0,1.0,2.0,1.0
Rater_8,Person_30,4.0,3.0,3.0,3.0,2.0,3.0,2.0,1.0
Rater_8,Person_31,2.0,2.0,3.0,4.0,2.0,5.0,3.0,2.0
Rater_8,Person_32,0.0,2.0,1.0,1.0,1.0,2.0,0.0,1.0
Rater_8,Person_33,2.0,3.0,4.0,3.0,3.0,4.0,2.0,1.0
Rater_8,Person_34,2.0,4.0,2.0,4.0,1.0,3.0,2.0,3.0
Rater_8,Person_35,1.0,4.0,3.0,3.0,3.0,4.0,3.0,1.0
Rater_8,Person_36,3.0,3.0,4.0,4.0,3.0,5.0,3.0,3.0
Rater_8,Person_37,3.0,4.0,4.0,3.0,3.0,5.0,4.0,3.0
Rater_8,Person_38,2.0,3.0,3.0,4.0,3.0,2.0,1.0,3.0
Rater_8,Person_39,2.0,3.0,4.0,5.0,3.0,4.0,2.0,3.0
Rater_8,Person_40,3.0,4.0,2.0,3.0,4.0,4.0,3.0,3.0
Rater_8,Person_41,2.0,3.0,3.0,4.0,1.0,4.0,3.0,3.0
Rater_8,Person_42,1.0,1.0,1.0,1.0,1.0,2.0,1.0,0.0
Rater_8,Person_43,1.0,3.0,3.0,3.0,2.0,4.0,3.0,2.0
Rater_8,Person_44,1.0,4.0,3.0,3.0,1.0,4.0,2.0,1.0
Rater_8,Person_45,4.0,4.0,3.0,5.0,3.0,4.0,3.0,3.0
Rater_8,Person_46,0.0,3.0,3.0,3.0,2.0,3.0,3.0,0.0
Rater_8,Person_47,1.0,3.0,3.0,3.0,0.0,2.0,3.0,2.0
Rater_8,Person_48,1.0,3.0,3.0,4.0,3.0,3.0,2.0,2.0
Rater_8,Person_49,1.0,2.0,1.0,4.0,0.0,3.0,1.0,1.0
Rater_8,Person_50,3.0,5.0,4.0,5.0,3.0,5.0,4.0,3.0
Rater_8,Person_51,1.0,3.0,3.0,3.0,1.0,2.0,1.0,0.0
Rater_8,Person_52,0.0,2.0,1.0,1.0,1.0,3.0,3.0,0.0
Rater_8,Person_53,3.0,4.0,4.0,5.0,2.0,4.0,4.0,4.0
Rater_8,Person_54,2.0,3.0,3.0,3.0,3.0,4.0,2.0,3.0
Rater_8,Person_55,2.0,4.0,4.0,3.0,3.0,4.0,2.0,3.0
Rater_8,Person_56,4.0,5.0,3.0,3.0,3.0,4.0,4.0,3.0
Rater_8,Person_57,2.0,3.0,1.0,3.0,3.0,4.0,1.0,3.0
Rater_8,Person_58,2.0,3.0,3.0,3.0,2.0,4.0,2.0,1.0
Rater_8,Person_59,1.0,2.0,3.0,3.0,1.0,3.0,2.0,1.0
Rater_8,Person_60,3.0,4.0,4.0,5.0,5.0,5.0,4.0,4.0
Rater_8,Person_61,2.0,3.0,2.0,4.0,2.0,4.0,4.0,2.0
Rater_8,Person_62,3.0,2.0,2.0,4.0,1.0,3.0,1.0,1.0
Rater_8,Person_63,3.0,4.0,4.0,3.0,2.0,3.0,4.0,3.0
Rater_8,Person_64,3.0,4.0,3.0,3.0,3.0,3.0,2.0,3.0
Rater_8,Person_65,1.0,3.0,3.0,4.0,1.0,3.0,2.0,2.0
Rater_8,Person_66,1.0,2.0,1.0,2.0,1.0,4.0,2.0,2.0
Rater_8,Person_67,2.0,2.0,3.0,2.0,2.0,3.0,0.0,0.0
Rater_8,Person_68,1.0,3.0,2.0,2.0,1.0,2.0,2.0,1.0
Rater_8,Person_69,2.0,2.0,3.0,1.0,0.0,3.0,1.0,1.0
Rater_8,Person_70,3.0,5.0,4.0,5.0,3.0,4.0,3.0,3.0
Rater_8,Person_71,1.0,3.0,3.0,3.0,1.0,3.0,2.0,0.0
Rater_8,Person_72,1.0,2.0,3.0,2.0,1.0,3.0,2.0,1.0
Rater_8,Person_73,0.0,2.0,3.0,2.0,0.0,1.0,2.0,1.0
Rater_8,Person_74,3.0,4.0,4.0,5.0,4.0,5.0,4.0,4.0
Rater_8,Person_75,1.0,4.0,3.0,5.0,1.0,3.0,3.0,2.0
Rater_8,Person_76,2.0,3.0,2.0,3.0,1.0,1.0,2.0,1.0
Rater_8,Person_77,2.0,2.0,3.0,2.0,1.0,3.0,2.0,0.0
Rater_8,Person_78,0.0,1.0,0.0,1.0,1.0,0.0,0.0,0.0
Rater_8,Person_79,2.0,3.0,4.0,4.0,2.0,3.0,1.0,1.0
Rater_8,Person_80,3.0,3.0,3.0,5.0,3.0,4.0,3.0,3.0
Rater_8,Person_81,1.0,0.0,0.0,2.0,1.0,1.0,0.0,0.0
Rater_8,Person_82,2.0,3.0,2.0,2.0,0.0,4.0,3.0,2.0
Rater_8,Person_83,0.0,2.0,0.0,2.0,0.0,1.0,1.0,0.0
Rater_8,Person_84,2.0,3.0,3.0,1.0,1.0,4.0,1.0,1.0
Rater_8,Person_85,0.0,2.0,1.0,2.0,0.0,4.0,1.0,1.0
Rater_8,Person_86,2.0,4.0,3.0,4.0,2.0,4.0,3.0,3.0
Rater_8,Person_87,3.0,2.0,5.0,4.0,2.0,4.0,3.0,4.0
Rater_8,Person_88,0.0,3.0,2.0,3.0,2.0,3.0,0.0,0.0
Rater_8,Person_89,3.0,4.0,4.0,4.0,3.0,5.0,3.0,3.0
Rater_8,Person_90,0.0,3.0,3.0,1.0,3.0,4.0,2.0,2.0
Rater_8,Person_91,4.0,4.0,3.0,4.0,3.0,4.0,3.0,3.0
Rater_8,Person_92,3.0,4.0,4.0,5.0,4.0,4.0,4.0,3.0
Rater_8,Person_93,1.0,4.0,3.0,3.0,2.0,4.0,4.0,3.0
Rater_8,Person_94,4.0,5.0,4.0,4.0,4.0,5.0,5.0,3.0
Rater_8,Person_95,2.0,3.0,3.0,3.0,2.0,3.0,3.0,1.0
Rater_8,Person_96,2.0,3.0,3.0,5.0,3.0,3.0,2.0,1.0
Rater_8,Person_97,3.0,5.0,4.0,3.0,3.0,4.0,3.0,1.0
Rater_8,Person_98,3.0,4.0,3.0,3.0,4.0,3.0,4.0,2.0
Rater_8,Person_99,3.0,5.0,3.0,4.0,3.0,4.0,4.0,4.0
Rater_8,Person_100,1.0,3.0,2.0,2.0,1.0,4.0,3.0,1.0
Rater_8,Person_101,2.0,3.0,2.0,3.0,2.0,4.0,2.0,3.0
Rater_8,Person_102,1.0,3.0,3.0,3.0,2.0,4.0,3.0,3.0
Rater_8,Person_103,0.0,1.0,0.0,1.0,0.0,3.0,0.0,0.0
Rater_8,Person_104,2.0,3.0,3.0,2.0,2.0,4.0,1.0,1.0
Rater_8,Person_105,1.0,3.0,3.0,3.0,3.0,2.0,2.0,1.0
Rater_8,Person_106,0.0,3.0,3.0,3.0,1.0,3.0,1.0,0.0
Rater_8,Person_107,3.0,3.0,5.0,3.0,3.0,5.0,4.0,3.0
Rater_8,Person_108,3.0,3.0,3.0,3.0,3.0,3.0,2.0,2.0
Rater_8,Person_109,4.0,3.0,5.0,5.0,4.0,5.0,4.0,3.0
Rater_8,Person_110,0.0,2.0,1.0,2.0,1.0,2.0,0.0,0.0
Rater_8,Person_111,3.0,5.0,3.0,5.0,3.0,5.0,2.0,3.0
Rater_8,Person_112,2.0,4.0,3.0,3.0,2.0,3.0,0.0,2.0
Rater_8,Person_113,4.0,3.0,4.0,5.0,3.0,5.0,4.0,2.0
Rater_8,Person_114,2.0,4.0,4.0,4.0,3.0,4.0,3.0,3.0
Rater_8,Person_115,1.0,4.0,1.0,3.0,0.0,2.0,1.0,1.0
Rater_8,Person_116,2.0,3.0,4.0,3.0,3.0,3.0,2.0,3.0
Rater_8,Person_117,2.0,3.0,3.0,3.0,3.0,3.0,3.0,1.0
Rater_8,Person_118,2.0,3.0,4.0,4.0,2.0,2.0,3.0,1.0
Rater_8,Person_119,4.0,4.0,3.0,4.0,5.0,4.0,4.0,2.0
Rater_8,Person_120,1.0,2.0,2.0,3.0,2.0,3.0,2.0,0.0
Rater_8,Person_121,3.0,3.0,3.0,5.0,3.0,4.0,2.0,1.0
Rater_8,Person_122,1.0,3.0,3.0,1.0,2.0,3.0,1.0,2.0
Rater_8,Person_123,3.0,4.0,5.0,5.0,3.0,4.0,4.0,3.0
Rater_8,Person_124,2.0,2.0,3.0,3.0,1.0,3.0,2.0,1.0
Rater_8,Person_125,1.0,3.0,4.0,3.0,0.0,4.0,3.0,2.0
Rater_8,Person_126,0.0,2.0,2.0,3.0,2.0,1.0,2.0,1.0
Rater_8,Person_127,1.0,3.0,1.0,4.0,3.0,3.0,1.0,1.0
Rater_8,Person_128,1.0,1.0,2.0,4.0,0.0,3.0,1.0,1.0
Rater_8,Person_129,1.0,4.0,3.0,3.0,3.0,4.0,2.0,1.0
Rater_8,Person_130,2.0,4.0,3.0,3.0,2.0,3.0,3.0,2.0
Rater_8,Person_131,0.0,3.0,3.0,3.0,0.0,3.0,2.0,1.0
Rater_8,Person_132,4.0,5.0,3.0,5.0,4.0,4.0,3.0,4.0
Rater_8,Person_133,2.0,3.0,2.0,3.0,2.0,2.0,2.0,2.0
Rater_8,Person_134,3.0,2.0,3.0,4.0,3.0,3.0,3.0,3.0
Rater_8,Person_135,2.0,2.0,2.0,3.0,2.0,3.0,0.0,1.0
Rater_8,Person_136,2.0,3.0,3.0,4.0,4.0,4.0,3.0,3.0
Rater_8,Person_137,1.0,3.0,3.0,3.0,2.0,3.0,3.0,1.0
Rater_8,Person_138,0.0,3.0,1.0,3.0,1.0,4.0,1.0,1.0
Rater_8,Person_139,0.0,3.0,4.0,5.0,2.0,3.0,3.0,1.0
Rater_8,Person_140,1.0,1.0,1.0,3.0,1.0,2.0,0.0,0.0
Rater_8,Person_141,3.0,4.0,1.0,3.0,3.0,4.0,1.0,3.0
Rater_8,Person_142,2.0,3.0,3.0,3.0,1.0,3.0,2.0,2.0
Rater_8,Person_143,3.0,4.0,4.0,5.0,4.0,5.0,4.0,1.0
Rater_8,Person_144,1.0,3.0,2.0,3.0,0.0,4.0,2.0,3.0
Rater_8,Person_145,1.0,4.0,1.0,4.0,2.0,3.0,3.0,2.0
Rater_8,Person_146,2.0,2.0,3.0,4.0,1.0,2.0,2.0,1.0
Rater_8,Person_147,3.0,3.0,3.0,4.0,4.0,4.0,2.0,3.0
Rater_8,Person_148,4.0,5.0,4.0,4.0,3.0,5.0,4.0,2.0
Rater_8,Person_149,3.0,5.0,4.0,5.0,3.0,4.0,4.0,3.0
Rater_8,Person_150,2.0,3.0,2.0,2.0,2.0,3.0,2.0,2.0
Rater_8,Person_151,2.0,4.0,3.0,4.0,1.0,5.0,3.0,1.0
Rater_8,Person_152,3.0,4.0,4.0,4.0,3.0,4.0,3.0,3.0
Rater_8,Person_153,0.0,2.0,1.0,2.0,1.0,3.0,0.0,1.0
Rater_8,Person_154,1.0,2.0,0.0,2.0,1.0,3.0,1.0,2.0
Rater_8,Person_155,3.0,2.0,2.0,2.0,3.0,3.0,3.0,1.0
Rater_8,Person_156,2.0,4.0,2.0,3.0,2.0,3.0,2.0,1.0
Rater_8,Person_157,1.0,2.0,3.0,2.0,1.0,3.0,2.0,1.0
Rater_8,Person_158,0.0,2.0,2.0,2.0,1.0,3.0,2.0,1.0
Rater_8,Person_159,1.0,3.0,1.0,3.0,1.0,4.0,2.0,2.0
Rater_8,Person_160,3.0,2.0,3.0,5.0,3.0,4.0,4.0,2.0
Rater_8,Person_161,3.0,3.0,3.0,4.0,2.0,4.0,2.0,2.0
Rater_8,Person_162,3.0,3.0,4.0,3.0,3.0,4.0,3.0,4.0
Rater_8,Person_163,1.0,1.0,1.0,4.0,0.0,3.0,1.0,1.0
Rater_8,Person_164,3.0,3.0,3.0,3.0,1.0,3.0,1.0,3.0
Rater_8,Person_165,0.0,0.0,0.0,2.0,1.0,3.0,1.0,0.0
Rater_8,Person_166,3.0,4.0,3.0,3.0,2.0,3.0,1.0,1.0
Rater_8,Person_167,0.0,3.0,3.0,2.0,2.0,2.0,3.0,2.0
Rater_8,Person_168,0.0,3.0,3.0,2.0,1.0,3.0,0.0,2.0
Rater_8,Person_169,1.0,4.0,2.0,3.0,1.0,3.0,2.0,1.0
Rater_8,Person_170,1.0,3.0,2.0,3.0,2.0,3.0,1.0,0.0
Rater_8,Person_171,2.0,3.0,3.0,5.0,3.0,5.0,3.0,4.0
Rater_8,Person_172,4.0,3.0,4.0,3.0,2.0,4.0,3.0,3.0
Rater_8,Person_173,3.0,4.0,4.0,4.0,4.0,4.0,3.0,3.0
Rater_8,Person_174,1.0,3.0,3.0,3.0,2.0,3.0,3.0,2.0
Rater_8,Person_175,3.0,4.0,4.0,5.0,3.0,4.0,3.0,3.0
Rater_8,Person_176,4.0,5.0,3.0,5.0,3.0,5.0,3.0,3.0
Rater_8,Person_177,1.0,4.0,3.0,3.0,1.0,3.0,2.0,2.0
Rater_8,Person_178,3.0,4.0,4.0,4.0,4.0,4.0,3.0,3.0
Rater_8,Person_179,0.0,3.0,3.0,2.0,0.0,2.0,3.0,0.0
Rater_8,Person_180,1.0,3.0,1.0,2.0,1.0,2.0,2.0,0.0
Rater_8,Person_181,0.0,1.0,1.0,2.0,0.0,1.0,2.0,0.0
Rater_8,Person_182,2.0,4.0,4.0,3.0,2.0,3.0,2.0,3.0
Rater_8,Person_183,2.0,4.0,3.0,4.0,1.0,4.0,2.0,2.0
Rater_8,Person_184,2.0,3.0,3.0,3.0,4.0,3.0,3.0,2.0
Rater_8,Person_185,1.0,3.0,1.0,2.0,1.0,4.0,1.0,0.0
Rater_8,Person_186,4.0,4.0,3.0,4.0,3.0,4.0,3.0,2.0
Rater_8,Person_187,1.0,4.0,4.0,4.0,3.0,5.0,3.0,2.0
Rater_8,Person_188,3.0,2.0,3.0,4.0,1.0,4.0,2.0,3.0
Rater_8,Person_189,3.0,3.0,3.0,3.0,3.0,3.0,2.0,3.0
Rater_8,Person_190,1.0,3.0,3.0,2.0,1.0,3.0,2.0,3.0
Rater_8,Person_191,2.0,4.0,4.0,4.0,3.0,4.0,3.0,4.0
Rater_8,Person_192,3.0,4.0,2.0,3.0,1.0,3.0,3.0,1.0
Rater_8,Person_193,3.0,3.0,4.0,4.0,1.0,4.0,2.0,3.0
Rater_8,Person_194,2.0,3.0,2.0,3.0,2.0,4.0,2.0,1.0
Rater_8,Person_195,1.0,3.0,3.0,4.0,1.0,4.0,1.0,1.0
Rater_8,Person_196,0.0,3.0,2.0,3.0,1.0,1.0,0.0,0.0
Rater_8,Person_197,2.0,4.0,4.0,4.0,3.0,4.0,3.0,2.0
Rater_8,Person_198,2.0,4.0,4.0,4.0,3.0,4.0,3.0,3.0
Rater_8,Person_199,1.0,3.0,4.0,3.0,1.0,4.0,2.0,1.0
Rater_8,Person_200,1.0,2.0,1.0,2.0,1.0,3.0,1.0,1.0
