,Item_1,Item_2,Item_3,Item_4,Item_5,Item_6,Item_7,Item_8
Person_1,2.0,3.0,2.0,3.0,2.0,2.0,3.0,4.0
Person_2,0.0,0.0,0.0,1.0,0.0,0.0,0.0,1.0
Person_3,3.0,4.0,5.0,5.0,3.0,2.0,2.0,4.0
Person_4,5.0,3.0,4.0,5.0,2.0,2.0,4.0,2.0
Person_5,5.0,4.0,4.0,5.0,2.0,2.0,3.0,4.0
Person_6,2.0,1.0,4.0,2.0,0.0,0.0,2.0,2.0
Person_7,4.0,5.0,5.0,4.0,3.0,2.0,2.0,4.0
Person_8,2.0,3.0,4.0,4.0,0.0,0.0,2.0,1.0
Person_9,5.0,4.0,5.0,5.0,3.0,3.0,4.0,3.0
Person_10,2.0,4.0,1.0,2.0,1.0,0.0,0.0,2.0
Person_11,2.0,3.0,2.0,2.0,2.0,1.0,0.0,2.0
Person_12,2.0,2.0,4.0,2.0,0.0,0.0,2.0,2.0
Person_13,1.0,2.0,3.0,4.0,0.0,2.0,2.0,1.0
Person_14,4.0,3.0,5.0,5.0,5.0,3.0,3.0,4.0
Person_15,2.0,1.0,1.0,1.0,1.0,0.0,1.0,0.0
Person_16,5.0,4.0,5.0,5.0,4.0,4.0,4.0,5.0
Person_17,3.0,2.0,4.0,4.0,3.0,2.0,2.0,2.0
Person_18,4.0,5.0,5.0,5.0,3.0,2.0,3.0,4.0
Person_19,2.0,2.0,2.0,4.0,0.0,2.0,2.0,3.0
Person_20,2.0,3.0,4.0,5.0,1.0,4.0,3.0,5.0
Person_21,4.0,4.0,5.0,5.0,4.0,5.0,5.0,4.0
Person_22,1.0,0.0,2.0,1.0,0.0,0.0,0.0,1.0
Person_23,5.0,5.0,5.0,4.0,5.0,4.0,5.0,5.0
Person_24,3.0,3.0,3.0,5.0,1.0,1.0,2.0,3.0
Person_25,2.0,1.0,1.0,2.0,0.0,1.0,0.0,0.0
Person_26,5.0,4.0,4.0,4.0,4.0,4.0,3.0,5.0
Person_27,3.0,4.0,4.0,5.0,3.0,2.0,2.0,3.0
Person_28,4.0,3.0,4.0,2.0,0.0,1.0,0.0,3.0
Person_29,3.0,2.0,3.0,2.0,2.0,1.0,2.0,2.0
Person_30,4.0,5.0,5.0,3.0,3.0,3.0,3.0,4.0
Person_31,5.0,5.0,4.0,5.0,4.0,2.0,3.0,4.0
Person_32,2.0,2.0,3.0,2.0,1.0,3.0,1.0,2.0
Person_33,4.0,2.0,2.0,2.0,2.0,1.0,2.0,4.0
Person_34,1.0,1.0,3.0,1.0,1.0,0.0,0.0,2.0
Person_35,2.0,2.0,2.0,2.0,1.0,0.0,1.0,2.0
Person_36,2.0,0.0,4.0,2.0,1.0,0.0,1.0,1.0
Person_37,2.0,2.0,2.0,2.0,2.0,1.0,0.0,2.0
Person_38,2.0,0.0,1.0,0.0,0.0,0.0,0.0,0.0
Person_39,2.0,2.0,3.0,4.0,2.0,1.0,2.0,2.0
Person_40,2.0,3.0,4.0,5.0,3.0,2.0,3.0,4.0
Person_41,5.0,4.0,5.0,5.0,2.0,4.0,1.0,4.0
Person_42,4.0,1.0,4.0,4.0,1.0,1.0,3.0,2.0
Person_43,3.0,4.0,3.0,5.0,2.0,2.0,2.0,4.0
Person_44,1.0,1.0,0.0,0.0,0.0,1.0,1.0,1.0
Person_45,3.0,4.0,5.0,4.0,2.0,2.0,3.0,4.0
Person_46,2.0,2.0,4.0,2.0,0.0,0.0,1.0,2.0
Person_47,4.0,2.0,2.0,2.0,3.0,0.0,1.0,3.0
Person_48,2.0,2.0,3.0,2.0,0.0,1.0,0.0,1.0
Person_49,2.0,3.0,3.0,4.0,2.0,2.0,2.0,3.0
Person_50,2.0,5.0,4.0,4.0,1.0,1.0,2.0,3.0
Person_51,4.0,5.0,5.0,5.0,2.0,4.0,3.0,4.0
Person_52,5.0,4.0,5.0,5.0,2.0,4.0,5.0,5.0
Person_53,4.0,4.0,3.0,5.0,4.0,3.0,2.0,5.0
Person_54,5.0,5.0,5.0,5.0,5.0,4.0,5.0,5.0
Person_55,1.0,1.0,1.0,1.0,0.0,0.0,0.0,0.0
Person_56,2.0,2.0,5.0,2.0,0.0,2.0,2.0,3.0
Person_57,1.0,2.0,3.0,2.0,1.0,0.0,2.0,2.0
Person_58,2.0,1.0,2.0,1.0,0.0,1.0,1.0,2.0
Person_59,5.0,4.0,5.0,4.0,5.0,2.0,3.0,5.0
Person_60,2.0,2.0,3.0,5.0,1.0,1.0,1.0,1.0
Person_61,0.0,0.0,2.0,0.0,0.0,0.0,1.0,2.0
Person_62,4.0,4.0,5.0,4.0,2.0,2.0,2.0,3.0
Person_63,2.0,0.0,2.0,0.0,0.0,1.0,1.0,1.0
Person_64,5.0,3.0,2.0,3.0,1.0,1.0,1.0,2.0
Person_65,3.0,2.0,2.0,1.0,0.0,0.0,1.0,1.0
Person_66,3.0,1.0,2.0,2.0,2.0,1.0,1.0,2.0
Person_67,4.0,4.0,4.0,4.0,2.0,2.0,2.0,5.0
Person_68,2.0,3.0,3.0,3.0,1.0,1.0,1.0,2.0
Person_69,5.0,3.0,4.0,5.0,2.0,2.0,3.0,3.0
Person_70,2.0,1.0,3.0,1.0,2.0,0.0,1.0,2.0
Person_71,2.0,2.0,4.0,4.0,3.0,2.0,1.0,2.0
Person_72,1.0,4.0,3.0,4.0,2.0,2.0,0.0,2.0
Person_73,3.0,3.0,5.0,3.0,1.0,1.0,1.0,0.0
Person_74,1.0,2.0,1.0,2.0,0.0,1.0,0.0,2.0
Person_75,4.0,5.0,5.0,4.0,2.0,2.0,2.0,4.0
Person_76,3.0,3.0,3.0,3.0,1.0,0.0,2.0,2.0
Person_77,4.0,4.0,5.0,2.0,2.0,3.0,4.0,4.0
Person_78,2.0,2.0,2.0,2.0,1.0,1.0,0.0,2.0
Person_79,5.0,5.0,5.0,5.0,2.0,4.0,4.0,5.0
Person_80,2.0,2.0,3.0,4.0,1.0,0.0,1.0,2.0
Person_81,5.0,5.0,5.0,5.0,3.0,4.0,5.0,4.0
Person_82,3.0,5.0,5.0,4.0,2.0,2.0,5.0,2.0
Person_83,1.0,4.0,2.0,3.0,1.0,2.0,2.0,2.0
Person_84,4.0,3.0,5.0,4.0,2.0,2.0,4.0,5.0
Person_85,1.0,0.0,2.0,1.0,1.0,1.0,0.0,0.0
Person_86,4.0,4.0,3.0,4.0,3.0,2.0,2.0,3.0
Person_87,1.0,1.0,2.0,3.0,0.0,1.0,0.0,2.0
Person_88,2.0,1.0,3.0,2.0,0.0,0.0,1.0,2.0
Person_89,1.0,3.0,1.0,2.0,1.0,0.0,1.0,1.0
Person_90,5.0,4.0,5.0,5.0,2.0,2.0,3.0,4.0
Person_91,4.0,4.0,3.0,5.0,1.0,2.0,2.0,3.0
Person_92,2.0,2.0,3.0,2.0,1.0,1.0,1.0,2.0
Person_93,1.0,1.0,0.0,1.0,0.0,0.0,0.0,2.0
Person_94,2.0,1.0,2.0,1.0,1.0,1.0,0.0,1.0
Person_95,4.0,3.0,5.0,4.0,1.0,2.0,2.0,2.0
Person_96,4.0,5.0,2.0,4.0,2.0,2.0,2.0,5.0
Person_97,4.0,5.0,4.0,5.0,3.0,0.0,2.0,2.0
Person_98,3.0,1.0,4.0,2.0,0.0,0.0,1.0,3.0
Person_99,4.0,3.0,5.0,4.0,2.0,1.0,2.0,3.0
Person_100,3.0,4.0,4.0,4.0,1.0,2.0,2.0,5.0
Person_101,3.0,1.0,4.0,2.0,1.0,1.0,2.0,2.0
Person_102,2.0,4.0,4.0,3.0,2.0,2.0,1.0,2.0
Person_103,5.0,5.0,5.0,5.0,3.0,3.0,4.0,5.0
Person_104,4.0,4.0,5.0,4.0,3.0,2.0,4.0,4.0
Person_105,3.0,1.0,3.0,2.0,0.0,1.0,0.0,3.0
Person_106,2.0,3.0,3.0,2.0,0.0,0.0,1.0,3.0
Person_107,4.0,4.0,5.0,3.0,3.0,1.0,2.0,2.0
Person_108,2.0,2.0,3.0,2.0,1.0,0.0,0.0,1.0
Person_109,5.0,5.0,5.0,5.0,2.0,2.0,3.0,5.0
Person_110,2.0,3.0,2.0,2.0,2.0,0.0,1.0,2.0
Person_111,2.0,2.0,2.0,2.0,2.0,0.0,0.0,2.0
Person_112,4.0,5.0,5.0,4.0,3.0,3.0,5.0,5.0
Person_113,3.0,2.0,4.0,2.0,3.0,0.0,2.0,4.0
Person_114,3.0,1.0,2.0,2.0,1.0,1.0,2.0,1.0
Person_115,2.0,0.0,1.0,2.0,0.0,0.0,0.0,1.0
Person_116,3.0,3.0,4.0,2.0,1.0,2.0,2.0,5.0
Person_117,1.0,3.0,2.0,2.0,2.0,1.0,2.0,2.0
Person_118,2.0,5.0,4.0,2.0,2.0,1.0,2.0,3.0
Person_119,5.0,3.0,5.0,5.0,3.0,0.0,2.0,4.0
Person_120,3.0,5.0,4.0,3.0,2.0,2.0,3.0,4.0
Person_121,5.0,5.0,5.0,5.0,5.0,5.0,3.0,5.0
Person_122,2.0,2.0,3.0,3.0,2.0,1.0,2.0,2.0
Person_123,1.0,2.0,2.0,2.0,1.0,1.0,1.0,1.0
Person_124,2.0,5.0,3.0,3.0,3.0,1.0,2.0,4.0
Person_125,4.0,1.0,2.0,2.0,1.0,0.0,0.0,2.0
Person_126,2.0,0.0,3.0,2.0,0.0,1.0,1.0,2.0
Person_127,4.0,2.0,4.0,2.0,1.0,1.0,2.0,3.0
Person_128,2.0,2.0,2.0,1.0,0.0,0.0,0.0,1.0
Person_129,4.0,3.0,5.0,4.0,4.0,1.0,2.0,3.0
Person_130,3.0,5.0,5.0,5.0,2.0,2.0,2.0,4.0
Person_131,3.0,2.0,5.0,2.0,4.0,2.0,2.0,4.0
Person_132,2.0,2.0,4.0,4.0,0.0,2.0,2.0,4.0
Person_133,3.0,5.0,5.0,4.0,2.0,2.0,2.0,3.0
Person_134,2.0,2.0,2.0,2.0,1.0,0.0,0.0,1.0
Person_135,5.0,2.0,5.0,3.0,3.0,2.0,2.0,4.0
Person_136,4.0,1.0,3.0,0.0,1.0,0.0,2.0,0.0
Person_137,2.0,2.0,2.0,2.0,0.0,0.0,1.0,3.0
Person_138,2.0,2.0,2.0,2.0,1.0,2.0,2.0,3.0
Person_139,2.0,5.0,2.0,2.0,0.0,2.0,2.0,2.0
Person_140,2.0,5.0,4.0,3.0,2.0,2.0,1.0,3.0
Person_141,2.0,2.0,1.0,4.0,1.0,1.0,1.0,2.0
Person_142,4.0,2.0,4.0,2.0,2.0,1.0,2.0,4.0
Person_143,4.0,3.0,4.0,4.0,3.0,1.0,1.0,2.0
Person_144,2.0,2.0,4.0,4.0,2.0,1.0,1.0,2.0
Person_145,4.0,3.0,4.0,2.0,2.0,0.0,1.0,3.0
Person_146,2.0,2.0,2.0,1.0,0.0,0.0,2.0,2.0
Person_147,0.0,0.0,1.0,0.0,0.0,0.0,0.0,0.0
Person_148,1.0,0.0,1.0,2.0,0.0,0.0,0.0,1.0
Person_149,3.0,3.0,3.0,3.0,1.0,1.0,2.0,3.0
Person_150,2.0,2.0,2.0,3.0,2.0,1.0,0.0,2.0
Person_151,2.0,2.0,3.0,2.0,1.0,1.0,2.0,2.0
Person_152,2.0,2.0,3.0,4.0,0.0,0.0,1.0,4.0
Person_153,5.0,5.0,5.0,4.0,2.0,2.0,3.0,5.0
Person_154,3.0,2.0,2.0,4.0,0.0,2.0,3.0,2.0
Person_155,4.0,5.0,4.0,4.0,3.0,3.0,2.0,5.0
Person_156,2.0,2.0,3.0,2.0,1.0,0.0,2.0,3.0
Person_157,5.0,5.0,5.0,5.0,5.0,5.0,4.0,5.0
Person_158,0.0,2.0,2.0,1.0,0.0,0.0,0.0,1.0
Person_159,2.0,2.0,2.0,2.0,1.0,1.0,1.0,2.0
Person_160,5.0,5.0,4.0,5.0,5.0,3.0,4.0,5.0
Person_161,5.0,5.0,5.0,5.0,4.0,5.0,4.0,5.0
Person_162,1.0,2.0,2.0,4.0,1.0,1.0,1.0,2.0
Person_163,3.0,2.0,2.0,4.0,2.0,1.0,1.0,3.0
Person_164,3.0,2.0,5.0,4.0,2.0,1.0,2.0,3.0
Person_165,4.0,2.0,2.0,2.0,1.0,1.0,2.0,4.0
Person_166,5.0,5.0,5.0,5.0,3.0,4.0,5.0,5.0
Person_167,4.0,4.0,3.0,3.0,1.0,2.0,0.0,1.0
Person_168,3.0,2.0,3.0,4.0,2.0,0.0,2.0,2.0
Person_169,5.0,4.0,5.0,5.0,2.0,3.0,2.0,5.0
Person_170,5.0,4.0,4.0,4.0,3.0,2.0,2.0,5.0
Person_171,3.0,3.0,4.0,3.0,2.0,2.0,1.0,4.0
Person_172,4.0,2.0,3.0,2.0,1.0,2.0,2.0,4.0
Person_173,4.0,5.0,3.0,4.0,2.0,2.0,3.0,4.0
Person_174,1.0,2.0,4.0,3.0,1.0,1.0,1.0,3.0
Person_175,4.0,2.0,4.0,3.0,1.0,1.0,2.0,2.0
Person_176,4.0,5.0,5.0,4.0,2.0,2.0,2.0,4.0
Person_177,4.0,4.0,4.0,4.0,1.0,1.0,2.0,3.0
Person_178,3.0,3.0,4.0,5.0,2.0,2.0,3.0,5.0
Person_179,2.0,2.0,4.0,2.0,1.0,0.0,2.0,3.0
Person_180,2.0,1.0,2.0,4.0,2.0,0.0,1.0,3.0
Person_181,2.0,3.0,5.0,4.0,2.0,1.0,2.0,3.0
Person_182,4.0,3.0,5.0,5.0,2.0,1.0,4.0,4.0
Person_183,1.0,0.0,2.0,1.0,1.0,0.0,0.0,2.0
Person_184,5.0,3.0,3.0,4.0,2.0,3.0,3.0,4.0
Person_185,2.0,1.0,2.0,2.0,0.0,0.0,0.0,1.0
Person_186,4.0,5.0,3.0,4.0,2.0,2.0,2.0,5.0
Person_187,4.0,5.0,4.0,5.0,2.0,2.0,2.0,4.0
Person_188,5.0,5.0,5.0,5.0,3.0,4.0,4.0,5.0
Person_189,3.0,2.0,3.0,4.0,2.0,1.0,3.0,3.0
Person_190,2.0,2.0,2.0,4.0,2.0,3.0,0.0,3.0
Person_191,1.0,2.0,2.0,2.0,1.0,0.0,1.0,2.0
Person_192,5.0,4.0,4.0,4.0,2.0,2.0,3.0,4.0
Person_193,5.0,5.0,4.0,5.0,2.0,4.0,2.0,4.0
Person_194,3.0,2.0,5.0,2.0,2.0,1.0,1.0,4.0
Person_195,0.0,1.0,0.0,0.0,0.0,0.0,0.0,0.0
Person_196,2.0,2.0,3.0,4.0,2.0,2.0,1.0,2.0
Person_197,5.0,4.0,5.0,5.0,2.0,2.0,5.0,4.0
Person_198,4.0,2.0,2.0,4.0,2.0,2.0,3.0,3.0
Person_199,1.0,2.0,3.0,2.0,0.0,0.0,0.0,1.0
Person_200,3.0,3.0,3.0,2.0,1.0,0.0,0.0,1.0
Person_201,2.0,4.0,2.0,3.0,0.0,1.0,2.0,2.0
Person_202,5.0,5.0,5.0,4.0,3.0,2.0,4.0,5.0
Person_203,4.0,1.0,4.0,4.0,2.0,2.0,2.0,3.0
Person_204,1.0,3.0,2.0,4.0,2.0,2.0,2.0,4.0
Person_205,2.0,4.0,5.0,4.0,2.0,2.0,2.0,4.0
Person_206,2.0,3.0,1.0,2.0,0.0,1.0,0.0,3.0
Person_207,3.0,2.0,3.0,2.0,1.0,2.0,2.0,2.0
Person_208,3.0,2.0,5.0,2.0,2.0,0.0,2.0,3.0
Person_209,2.0,2.0,4.0,4.0,2.0,0.0,1.0,4.0
Person_210,3.0,2.0,5.0,2.0,2.0,2.0,1.0,2.0
Person_211,2.0,2.0,2.0,2.0,0.0,2.0,0.0,1.0
Person_212,3.0,2.0,2.0,2.0,2.0,2.0,2.0,2.0
Person_213,1.0,2.0,5.0,4.0,2.0,1.0,2.0,2.0
Person_214,1.0,2.0,4.0,2.0,3.0,0.0,2.0,2.0
Person_215,3.0,3.0,4.0,4.0,2.0,0.0,2.0,3.0
Person_216,2.0,5.0,4.0,3.0,2.0,1.0,2.0,4.0
Person_217,5.0,5.0,5.0,4.0,3.0,2.0,4.0,5.0
Person_218,4.0,2.0,3.0,3.0,2.0,2.0,2.0,5.0
Person_219,3.0,1.0,1.0,1.0,0.0,0.0,0.0,1.0
Person_220,2.0,3.0,3.0,4.0,3.0,2.0,1.0,1.0
Person_221,4.0,3.0,2.0,4.0,0.0,2.0,2.0,3.0
Person_222,3.0,2.0,5.0,4.0,3.0,2.0,2.0,4.0
Person_223,3.0,1.0,2.0,4.0,2.0,0.0,1.0,2.0
Person_224,2.0,2.0,3.0,3.0,1.0,1.0,1.0,2.0
Person_225,3.0,3.0,4.0,4.0,2.0,4.0,3.0,1.0
Person_226,2.0,1.0,2.0,2.0,0.0,1.0,2.0,2.0
Person_227,5.0,4.0,5.0,5.0,2.0,2.0,4.0,5.0
Person_228,2.0,3.0,2.0,3.0,1.0,0.0,1.0,2.0
Person_229,2.0,2.0,2.0,2.0,0.0,2.0,2.0,2.0
Person_230,5.0,5.0,5.0,5.0,3.0,3.0,5.0,5.0
Person_231,4.0,4.0,5.0,3.0,2.0,3.0,2.0,4.0
Person_232,2.0,2.0,4.0,3.0,2.0,0.0,2.0,2.0
Person_233,3.0,2.0,4.0,3.0,0.0,2.0,2.0,2.0
Person_234,2.0,2.0,3.0,3.0,2.0,1.0,1.0,2.0
Person_235,4.0,5.0,4.0,4.0,3.0,2.0,4.0,4.0
Person_236,2.0,3.0,2.0,4.0,2.0,0.0,1.0,3.0
Person_237,2.0,1.0,3.0,3.0,1.0,0.0,2.0,3.0
Person_238,4.0,2.0,5.0,3.0,2.0,2.0,2.0,3.0
Person_239,3.0,4.0,4.0,3.0,2.0,2.0,2.0,3.0
Person_240,2.0,2.0,5.0,5.0,1.0,1.0,2.0,4.0
Person_241,3.0,2.0,5.0,2.0,2.0,2.0,2.0,2.0
Person_242,5.0,4.0,5.0,4.0,4.0,3.0,4.0,5.0
Person_243,2.0,1.0,2.0,4.0,2.0,1.0,2.0,3.0
Person_244,2.0,1.0,2.0,1.0,0.0,0.0,1.0,1.0
Person_245,2.0,2.0,3.0,1.0,2.0,2.0,2.0,3.0
Person_246,4.0,4.0,5.0,3.0,3.0,2.0,3.0,3.0
Person_247,4.0,2.0,3.0,2.0,2.0,3.0,2.0,3.0
Person_248,3.0,2.0,4.0,3.0,3.0,1.0,2.0,3.0
Person_249,2.0,4.0,4.0,4.0,1.0,2.0,1.0,2.0
Person_250,4.0,2.0,4.0,4.0,1.0,1.0,2.0,3.0
Person_251,5.0,5.0,5.0,5.0,4.0,2.0,3.0,3.0
Person_252,2.0,2.0,3.0,3.0,3.0,3.0,2.0,2.0
Person_253,3.0,4.0,5.0,4.0,2.0,1.0,3.0,3.0
Person_254,3.0,5.0,5.0,3.0,2.0,1.0,2.0,2.0
Person_255,3.0,2.0,4.0,3.0,1.0,2.0,1.0,2.0
Person_256,4.0,3.0,2.0,2.0,2.0,0.0,1.0,2.0
Person_257,5.0,5.0,5.0,5.0,5.0,5.0,5.0,4.0
Person_258,3.0,2.0,4.0,2.0,2.0,2.0,3.0,1.0
Person_259,4.0,3.0,5.0,5.0,2.0,2.0,4.0,5.0
Person_260,1.0,1.0,3.0,2.0,1.0,1.0,1.0,2.0
Person_261,2.0,2.0,4.0,4.0,3.0,1.0,3.0,4.0
Person_262,4.0,4.0,4.0,3.0,2.0,2.0,2.0,4.0
Person_263,5.0,2.0,4.0,4.0,2.0,2.0,2.0,2.0
Person_264,2.0,2.0,2.0,2.0,1.0,0.0,0.0,1.0
Person_265,2.0,5.0,4.0,5.0,3.0,3.0,2.0,3.0
Person_266,5.0,5.0,2.0,2.0,2.0,1.0,4.0,4.0
Person_267,5.0,5.0,5.0,4.0,5.0,4.0,4.0,5.0
Person_268,5.0,5.0,5.0,5.0,4.0,4.0,4.0,5.0
Person_269,4.0,4.0,4.0,4.0,2.0,1.0,2.0,2.0
Person_270,5.0,4.0,4.0,3.0,3.0,2.0,4.0,4.0
Person_271,2.0,4.0,3.0,3.0,1.0,0.0,2.0,2.0
Person_272,2.0,2.0,2.0,1.0,0.0,0.0,2.0,2.0
Person_273,2.0,2.0,2.0,1.0,1.0,0.0,0.0,2.0
Person_274,5.0,4.0,4.0,5.0,3.0,4.0,4.0,5.0
Person_275,2.0,3.0,5.0,5.0,1.0,1.0,2.0,3.0
Person_276,4.0,2.0,5.0,4.0,2.0,2.0,1.0,3.0
Person_277,2.0,2.0,2.0,3.0,2.0,1.0,1.0,4.0
Person_278,2.0,2.0,5.0,5.0,1.0,2.0,2.0,3.0
Person_279,2.0,0.0,2.0,2.0,0.0,0.0,0.0,1.0
Person_280,2.0,2.0,2.0,3.0,2.0,2.0,2.0,2.0
Person_281,4.0,4.0,4.0,5.0,1.0,2.0,3.0,3.0
Person_282,4.0,3.0,4.0,4.0,3.0,2.0,2.0,4.0
Person_283,4.0,4.0,5.0,4.0,1.0,2.0,2.0,4.0
Person_284,2.0,4.0,2.0,3.0,0.0,1.0,0.0,2.0
Person_285,3.0,2.0,0.0,1.0,0.0,0.0,0.0,1.0
Person_286,2.0,2.0,4.0,2.0,1.0,1.0,0.0,1.0
Person_287,5.0,4.0,4.0,5.0,3.0,2.0,4.0,5.0
Person_288,1.0,2.0,2.0,1.0,1.0,0.0,0.0,0.0
Person_289,0.0,1.0,1.0,1.0,0.0,1.0,0.0,0.0
Person_290,0.0,1.0,0.0,0.0,0.0,0.0,1.0,1.0
Person_291,3.0,1.0,3.0,2.0,2.0,2.0,2.0,2.0
Person_292,3.0,3.0,5.0,5.0,3.0,2.0,4.0,4.0
Person_293,3.0,3.0,5.0,5.0,2.0,2.0,3.0,4.0
Person_294,3.0,3.0,2.0,3.0,1.0,1.0,2.0,2.0
Person_295,2.0,4.0,2.0,3.0,2.0,0.0,1.0,2.0
Person_296,4.0,2.0,1.0,2.0,1.0,1.0,0.0,3.0
Person_297,3.0,2.0,5.0,2.0,3.0,3.0,2.0,3.0
Person_298,3.0,2.0,4.0,4.0,2.0,3.0,2.0,4.0
Person_299,5.0,5.0,4.0,4.0,2.0,2.0,3.0,3.0
Person_300,2.0,2.0,3.0,2.0,2.0,2.0,2.0,2.0
Person_301,3.0,2.0,4.0,2.0,2.0,1.0,1.0,2.0
Person_302,4.0,4.0,4.0,5.0,2.0,3.0,2.0,3.0
Person_303,4.0,2.0,4.0,2.0,1.0,2.0,1.0,1.0
Person_304,5.0,5.0,5.0,4.0,3.0,5.0,4.0,5.0
Person_305,4.0,3.0,4.0,4.0,0.0,2.0,4.0,4.0
Person_306,1.0,1.0,2.0,2.0,0.0,0.0,0.0,1.0
Person_307,4.0,3.0,4.0,2.0,2.0,1.0,1.0,2.0
Person_308,1.0,2.0,2.0,2.0,1.0,0.0,0.0,2.0
Person_309,3.0,2.0,2.0,4.0,1.0,1.0,2.0,4.0
Person_310,4.0,4.0,5.0,2.0,2.0,1.0,2.0,2.0
Person_311,4.0,4.0,5.0,3.0,2.0,1.0,1.0,4.0
Person_312,3.0,1.0,2.0,3.0,1.0,0.0,1.0,3.0
Person_313,4.0,4.0,2.0,5.0,2.0,1.0,2.0,4.0
Person_314,2.0,3.0,2.0,2.0,0.0,0.0,0.0,1.0
Person_315,3.0,2.0,2.0,4.0,2.0,2.0,1.0,2.0
Person_316,3.0,2.0,3.0,3.0,1.0,1.0,2.0,3.0
Person_317,1.0,1.0,2.0,1.0,0.0,0.0,1.0,1.0
Person_318,2.0,1.0,2.0,4.0,0.0,0.0,1.0,1.0
Person_319,3.0,2.0,4.0,4.0,1.0,2.0,4.0,4.0
Person_320,4.0,4.0,5.0,3.0,2.0,2.0,3.0,4.0
Person_321,4.0,2.0,5.0,4.0,2.0,2.0,2.0,4.0
Person_322,3.0,2.0,3.0,4.0,2.0,3.0,2.0,4.0
Person_323,2.0,2.0,5.0,2.0,1.0,1.0,1.0,3.0
Person_324,4.0,3.0,3.0,4.0,2.0,2.0,2.0,4.0
Person_325,2.0,2.0,3.0,2.0,0.0,0.0,2.0,4.0
Person_326,4.0,5.0,4.0,4.0,3.0,2.0,4.0,4.0
Person_327,2.0,2.0,5.0,3.0,3.0,2.0,2.0,3.0
Person_328,3.0,4.0,4.0,5.0,2.0,2.0,2.0,2.0
Person_329,3.0,3.0,5.0,4.0,2.0,0.0,0.0,3.0
Person_330,5.0,5.0,5.0,5.0,3.0,3.0,4.0,4.0
Person_331,4.0,5.0,5.0,5.0,3.0,2.0,3.0,4.0
Person_332,3.0,2.0,2.0,3.0,2.0,1.0,1.0,2.0
Person_333,4.0,4.0,4.0,5.0,0.0,3.0,2.0,4.0
Person_334,5.0,4.0,5.0,5.0,3.0,2.0,5.0,3.0
Person_335,5.0,5.0,5.0,5.0,2.0,5.0,2.0,5.0
Person_336,1.0,2.0,3.0,2.0,0.0,0.0,0.0,3.0
Person_337,1.0,1.0,3.0,2.0,0.0,2.0,1.0,2.0
Person_338,4.0,3.0,3.0,4.0,0.0,2.0,2.0,5.0
Person_339,4.0,4.0,3.0,4.0,2.0,1.0,2.0,4.0
Person_340,4.0,3.0,4.0,4.0,2.0,1.0,1.0,4.0
Person_341,4.0,3.0,4.0,4.0,2.0,1.0,2.0,5.0
Person_342,2.0,2.0,5.0,3.0,2.0,2.0,2.0,2.0
Person_343,2.0,2.0,1.0,1.0,0.0,1.0,2.0,1.0
Person_344,5.0,4.0,5.0,5.0,3.0,3.0,5.0,4.0
Person_345,3.0,2.0,3.0,4.0,2.0,1.0,0.0,0.0
Person_346,2.0,2.0,2.0,2.0,1.0,1.0,2.0,3.0
Person_347,1.0,4.0,4.0,4.0,2.0,2.0,2.0,1.0
Person_348,2.0,3.0,1.0,1.0,0.0,0.0,1.0,1.0
Person_349,4.0,2.0,4.0,3.0,2.0,2.0,2.0,3.0
Person_350,2.0,4.0,5.0,4.0,3.0,2.0,2.0,4.0
Person_351,5.0,5.0,5.0,5.0,4.0,2.0,5.0,5.0
Person_352,4.0,4.0,3.0,5.0,2.0,2.0,2.0,2.0
Person_353,5.0,4.0,5.0,5.0,4.0,2.0,4.0,5.0
Person_354,4.0,4.0,5.0,4.0,3.0,2.0,3.0,4.0
Person_355,3.0,2.0,2.0,2.0,0.0,1.0,0.0,2.0
Person_356,3.0,4.0,5.0,4.0,2.0,2.0,2.0,4.0
Person_357,4.0,3.0,4.0,3.0,1.0,0.0,1.0,4.0
Person_358,4.0,4.0,5.0,3.0,2.0,2.0,3.0,3.0
Person_359,3.0,2.0,4.0,3.0,3.0,1.0,2.0,3.0
Person_360,2.0,4.0,2.0,4.0,2.0,0.0,2.0,2.0
Person_361,0.0,1.0,4.0,3.0,0.0,1.0,2.0,2.0
Person_362,3.0,2.0,4.0,2.0,0.0,0.0,2.0,2.0
Person_363,2.0,2.0,0.0,0.0,1.0,0.0,1.0,0.0
Person_364,3.0,2.0,3.0,1.0,1.0,0.0,0.0,2.0
Person_365,5.0,4.0,5.0,4.0,2.0,3.0,1.0,4.0
Person_366,3.0,2.0,3.0,3.0,0.0,1.0,2.0,3.0
Person_367,4.0,4.0,5.0,5.0,2.0,1.0,3.0,4.0
Person_368,2.0,1.0,3.0,5.0,2.0,1.0,2.0,2.0
Person_369,3.0,3.0,4.0,4.0,4.0,1.0,2.0,5.0
Person_370,5.0,3.0,5.0,3.0,2.0,3.0,3.0,4.0
Person_371,0.0,0.0,1.0,0.0,0.0,0.0,0.0,0.0
Person_372,2.0,0.0,0.0,1.0,0.0,0.0,1.0,0.0
Person_373,2.0,2.0,2.0,3.0,0.0,0.0,1.0,2.0
Person_374,4.0,5.0,5.0,5.0,3.0,2.0,3.0,5.0
Person_375,4.0,2.0,1.0,2.0,2.0,0.0,2.0,2.0
Person_376,4.0,2.0,2.0,2.0,2.0,2.0,2.0,4.0
Person_377,4.0,2.0,5.0,5.0,0.0,2.0,2.0,2.0
Person_378,3.0,2.0,5.0,3.0,2.0,2.0,1.0,3.0
Person_379,4.0,4.0,3.0,5.0,2.0,1.0,2.0,2.0
Person_380,3.0,2.0,4.0,3.0,2.0,1.0,0.0,3.0
Person_381,4.0,2.0,3.0,3.0,2.0,1.0,2.0,3.0
Person_382,2.0,1.0,2.0,0.0,1.0,0.0,0.0,0.0
Person_383,5.0,3.0,2.0,4.0,2.0,1.0,2.0,4.0
Person_384,2.0,2.0,2.0,2.0,0.0,0.0,1.0,2.0
Person_385,2.0,3.0,5.0,4.0,2.0,2.0,2.0,3.0
Person_386,3.0,4.0,5.0,4.0,2.0,2.0,4.0,4.0
Person_387,2.0,2.0,3.0,2.0,0.0,1.0,0.0,1.0
Person_388,5.0,5.0,5.0,5.0,2.0,3.0,4.0,5.0
Person_389,2.0,2.0,1.0,2.0,1.0,0.0,2.0,0.0
Person_390,2.0,0.0,2.0,2.0,0.0,1.0,0.0,1.0
Person_391,1.0,2.0,3.0,2.0,1.0,1.0,0.0,1.0
Person_392,5.0,4.0,4.0,5.0,4.0,4.0,3.0,4.0
Person_393,3.0,2.0,3.0,1.0,2.0,2.0,2.0,2.0
Person_394,3.0,4.0,5.0,4.0,2.0,1.0,2.0,3.0
Person_395,2.0,2.0,3.0,2.0,2.0,2.0,2.0,2.0
Person_396,5.0,2.0,4.0,3.0,3.0,2.0,1.0,2.0
Person_397,5.0,4.0,5.0,5.0,5.0,4.0,4.0,5.0
Person_398,3.0,4.0,5.0,4.0,3.0,2.0,3.0,4.0
Person_399,5.0,3.0,5.0,4.0,2.0,3.0,4.0,4.0
Person_400,5.0,5.0,5.0,5.0,4.0,2.0,3.0,3.0
Person_401,3.0,2.0,2.0,3.0,1.0,1.0,1.0,3.0
Person_402,3.0,4.0,5.0,3.0,5.0,3.0,3.0,5.0
Person_403,5.0,5.0,5.0,5.0,3.0,3.0,4.0,4.0
Person_404,2.0,1.0,3.0,3.0,1.0,1.0,2.0,3.0
Person_405,4.0,4.0,5.0,5.0,2.0,2.0,3.0,3.0
Person_406,0.0,2.0,1.0,1.0,0.0,0.0,0.0,1.0
Person_407,2.0,3.0,4.0,4.0,1.0,1.0,0.0,3.0
Person_408,5.0,5.0,5.0,5.0,4.0,2.0,3.0,4.0
Person_409,2.0,2.0,3.0,1.0,0.0,0.0,0.0,2.0
Person_410,2.0,2.0,3.0,2.0,1.0,1.0,2.0,2.0
Person_411,4.0,5.0,5.0,5.0,4.0,2.0,2.0,5.0
Person_412,1.0,1.0,1.0,2.0,0.0,0.0,0.0,1.0
Person_413,2.0,1.0,4.0,2.0,1.0,2.0,1.0,1.0
Person_414,3.0,4.0,4.0,4.0,3.0,4.0,2.0,5.0
Person_415,5.0,4.0,5.0,5.0,4.0,3.0,2.0,4.0
Person_416,2.0,2.0,2.0,2.0,0.0,0.0,0.0,1.0
Person_417,5.0,4.0,5.0,5.0,4.0,4.0,5.0,4.0
Person_418,4.0,3.0,3.0,5.0,2.0,2.0,3.0,4.0
Person_419,5.0,3.0,5.0,3.0,4.0,2.0,4.0,5.0
Person_420,2.0,1.0,2.0,4.0,2.0,0.0,0.0,2.0
Person_421,3.0,2.0,4.0,3.0,2.0,1.0,1.0,2.0
Person_422,2.0,2.0,3.0,4.0,1.0,2.0,2.0,2.0
Person_423,4.0,3.0,3.0,4.0,2.0,2.0,2.0,3.0
Person_424,2.0,2.0,3.0,2.0,1.0,0.0,1.0,1.0
Person_425,0.0,2.0,4.0,2.0,1.0,0.0,0.0,2.0
Person_426,0.0,2.0,1.0,1.0,0.0,0.0,2.0,1.0
Person_427,4.0,3.0,5.0,4.0,1.0,1.0,2.0,2.0
Person_428,3.0,2.0,4.0,4.0,2.0,0.0,2.0,3.0
Person_429,5.0,5.0,5.0,4.0,5.0,5.0,5.0,5.0
Person_430,4.0,1.0,2.0,2.0,0.0,1.0,1.0,2.0
Person_431,5.0,4.0,5.0,5.0,4.0,4.0,5.0,5.0
Person_432,2.0,2.0,1.0,1.0,0.0,0.0,0.0,0.0
Person_433,4.0,5.0,5.0,3.0,3.0,2.0,2.0,4.0
Person_434,5.0,5.0,5.0,3.0,2.0,2.0,5.0,3.0
Person_435,3.0,4.0,4.0,2.0,5.0,1.0,2.0,3.0
Person_436,4.0,3.0,3.0,4.0,2.0,2.0,1.0,4.0
Person_437,2.0,2.0,2.0,2.0,2.0,1.0,2.0,3.0
Person_438,2.0,2.0,3.0,3.0,0.0,1.0,2.0,2.0
Person_439,2.0,0.0,2.0,2.0,0.0,0.0,1.0,2.0
Person_440,4.0,3.0,5.0,5.0,2.0,4.0,3.0,5.0
Person_441,3.0,5.0,5.0,4.0,1.0,3.0,3.0,5.0
Person_442,4.0,3.0,4.0,5.0,3.0,2.0,2.0,3.0
Person_443,4.0,4.0,5.0,4.0,1.0,2.0,1.0,2.0
Person_444,2.0,0.0,2.0,2.0,0.0,0.0,0.0,1.0
Person_445,4.0,4.0,5.0,5.0,3.0,2.0,5.0,5.0
Person_446,2.0,1.0,1.0,0.0,0.0,0.0,0.0,1.0
Person_447,4.0,4.0,5.0,4.0,3.0,2.0,2.0,5.0
Person_448,2.0,4.0,4.0,4.0,3.0,2.0,3.0,4.0
Person_449,2.0,2.0,4.0,3.0,0.0,0.0,1.0,2.0
Person_450,2.0,1.0,3.0,3.0,2.0,1.0,1.0,3.0
Person_451,4.0,4.0,4.0,4.0,3.0,2.0,3.0,5.0
Person_452,2.0,0.0,3.0,1.0,0.0,1.0,1.0,2.0
Person_453,1.0,5.0,4.0,4.0,2.0,1.0,3.0,2.0
Person_454,3.0,3.0,3.0,5.0,2.0,1.0,3.0,4.0
Person_455,3.0,2.0,3.0,3.0,3.0,1.0,1.0,2.0
Person_456,2.0,2.0,1.0,3.0,0.0,0.0,2.0,0.0
Person_457,4.0,3.0,5.0,2.0,1.0,1.0,1.0,2.0
Person_458,4.0,2.0,4.0,3.0,1.0,1.0,2.0,2.0
Person_459,5.0,5.0,5.0,5.0,4.0,3.0,4.0,5.0
Person_460,2.0,2.0,4.0,2.0,1.0,1.0,1.0,4.0
Person_461,3.0,2.0,4.0,3.0,2.0,1.0,2.0,2.0
Person_462,0.0,2.0,3.0,2.0,0.0,0.0,1.0,2.0
Person_463,4.0,4.0,2.0,2.0,1.0,1.0,2.0,2.0
Person_464,5.0,5.0,5.0,5.0,4.0,2.0,4.0,4.0
Person_465,2.0,1.0,2.0,2.0,0.0,0.0,1.0,0.0
Person_466,3.0,3.0,2.0,2.0,2.0,2.0,2.0,4.0
Person_467,3.0,2.0,3.0,3.0,0.0,0.0,2.0,2.0
Person_468,2.0,3.0,2.0,1.0,1.0,0.0,2.0,3.0
Person_469,4.0,3.0,3.0,3.0,1.0,1.0,2.0,0.0
Person_470,2.0,2.0,2.0,1.0,2.0,1.0,1.0,2.0
Person_471,2.0,1.0,4.0,2.0,0.0,0.0,0.0,2.0
Person_472,1.0,2.0,2.0,2.0,2.0,1.0,2.0,3.0
Person_473,2.0,1.0,4.0,2.0,1.0,1.0,2.0,2.0
Person_474,3.0,3.0,5.0,3.0,1.0,2.0,2.0,4.0
Person_475,4.0,4.0,5.0,5.0,2.0,2.0,2.0,5.0
Person_476,5.0,2.0,3.0,2.0,0.0,1.0,2.0,2.0
Person_477,5.0,4.0,4.0,5.0,3.0,3.0,2.0,3.0
Person_478,5.0,2.0,5.0,2.0,2.0,3.0,3.0,2.0
Person_479,2.0,2.0,2.0,1.0,0.0,0.0,0.0,2.0
Person_480,1.0,1.0,2.0,2.0,1.0,0.0,1.0,2.0
Person_481,1.0,2.0,2.0,4.0,2.0,1.0,2.0,4.0
Person_482,4.0,3.0,5.0,4.0,3.0,1.0,2.0,2.0
Person_483,5.0,5.0,5.0,4.0,3.0,2.0,2.0,5.0
Person_484,4.0,3.0,4.0,4.0,1.0,2.0,2.0,3.0
Person_485,3.0,5.0,4.0,4.0,2.0,2.0,4.0,3.0
Person_486,2.0,4.0,3.0,2.0,1.0,0.0,1.0,2.0
Person_487,4.0,3.0,3.0,3.0,3.0,3.0,2.0,0.0
Person_488,4.0,3.0,3.0,2.0,2.0,2.0,2.0,3.0
Person_489,1.0,2.0,3.0,1.0,0.0,0.0,0.0,0.0
Person_490,2.0,0.0,2.0,1.0,1.0,0.0,1.0,1.0
Person_491,1.0,1.0,4.0,3.0,0.0,1.0,2.0,2.0
Person_492,3.0,1.0,2.0,1.0,0.0,0.0,2.0,1.0
Person_493,3.0,2.0,4.0,2.0,0.0,2.0,0.0,2.0
Person_494,1.0,1.0,1.0,1.0,0.0,0.0,0.0,1.0
Person_495,2.0,4.0,4.0,3.0,3.0,2.0,2.0,5.0
Person_496,5.0,3.0,4.0,5.0,2.0,1.0,3.0,4.0
Person_497,3.0,2.0,5.0,5.0,2.0,1.0,2.0,5.0
Person_498,3.0,4.0,5.0,5.0,1.0,2.0,4.0,3.0
Person_499,4.0,2.0,4.0,4.0,1.0,2.0,3.0,2.0
Person_500,2.0,2.0,4.0,4.0,1.0,1.0,1.0,1.0
Person_501,2.0,2.0,2.0,2.0,0.0,0.0,0.0,2.0
Person_502,1.0,1.0,0.0,1.0,0.0,0.0,0.0,1.0
Person_503,2.0,3.0,4.0,4.0,1.0,1.0,2.0,3.0
Person_504,5.0,5.0,4.0,5.0,1.0,2.0,2.0,4.0
Person_505,1.0,1.0,3.0,2.0,1.0,2.0,1.0,2.0
Person_506,3.0,4.0,4.0,5.0,2.0,2.0,2.0,4.0
Person_507,3.0,2.0,4.0,5.0,1.0,4.0,2.0,4.0
Person_508,2.0,2.0,2.0,2.0,0.0,1.0,1.0,2.0
Person_509,3.0,4.0,4.0,2.0,1.0,1.0,2.0,2.0
Person_510,4.0,3.0,5.0,4.0,1.0,2.0,1.0,4.0
Person_511,0.0,1.0,1.0,1.0,0.0,0.0,0.0,1.0
Person_512,2.0,2.0,4.0,1.0,1.0,2.0,1.0,2.0
Person_513,1.0,2.0,2.0,3.0,1.0,0.0,0.0,0.0
Person_514,5.0,4.0,5.0,4.0,3.0,2.0,3.0,5.0
Person_515,2.0,0.0,2.0,4.0,2.0,1.0,2.0,1.0
Person_516,2.0,1.0,2.0,2.0,0.0,0.0,1.0,2.0
Person_517,2.0,2.0,5.0,4.0,2.0,0.0,1.0,3.0
Person_518,2.0,4.0,2.0,2.0,1.0,0.0,3.0,1.0
Person_519,3.0,1.0,3.0,3.0,2.0,1.0,0.0,2.0
Person_520,4.0,3.0,4.0,4.0,2.0,2.0,4.0,2.0
Person_521,4.0,5.0,4.0,4.0,2.0,1.0,3.0,2.0
Person_522,2.0,4.0,4.0,4.0,2.0,2.0,2.0,4.0
Person_523,2.0,0.0,0.0,2.0,1.0,0.0,0.0,2.0
Person_524,1.0,4.0,5.0,4.0,2.0,0.0,4.0,2.0
Person_525,5.0,4.0,5.0,4.0,2.0,2.0,2.0,4.0
Person_526,1.0,1.0,1.0,2.0,0.0,0.0,0.0,0.0
Person_527,2.0,2.0,2.0,3.0,0.0,1.0,0.0,2.0
Person_528,2.0,4.0,3.0,2.0,0.0,0.0,1.0,2.0
Person_529,0.0,0.0,2.0,2.0,1.0,0.0,1.0,1.0
Person_530,2.0,1.0,3.0,5.0,2.0,1.0,3.0,3.0
Person_531,3.0,5.0,4.0,5.0,4.0,2.0,3.0,4.0
Person_532,3.0,3.0,3.0,4.0,1.0,1.0,2.0,2.0
Person_533,2.0,1.0,3.0,2.0,1.0,0.0,2.0,2.0
Person_534,5.0,4.0,2.0,4.0,2.0,2.0,2.0,4.0
Person_535,5.0,5.0,5.0,5.0,4.0,2.0,3.0,5.0
Person_536,4.0,3.0,2.0,2.0,2.0,0.0,2.0,3.0
Person_537,4.0,4.0,3.0,2.0,2.0,2.0,2.0,4.0
Person_538,4.0,4.0,5.0,5.0,3.0,2.0,4.0,4.0
Person_539,3.0,5.0,4.0,5.0,2.0,2.0,3.0,4.0
Person_540,4.0,3.0,5.0,4.0,3.0,2.0,2.0,4.0
Person_541,2.0,3.0,2.0,4.0,2.0,2.0,2.0,2.0
Person_542,4.0,4.0,5.0,4.0,2.0,2.0,2.0,5.0
Person_543,3.0,4.0,5.0,4.0,0.0,2.0,2.0,2.0
Person_544,3.0,2.0,5.0,3.0,2.0,1.0,4.0,2.0
Person_545,2.0,2.0,4.0,5.0,0.0,2.0,2.0,2.0
Person_546,5.0,4.0,5.0,5.0,4.0,2.0,3.0,3.0
Person_547,5.0,5.0,5.0,5.0,2.0,2.0,3.0,2.0
Person_548,1.0,2.0,2.0,3.0,1.0,1.0,2.0,3.0
Person_549,2.0,1.0,4.0,5.0,1.0,0.0,1.0,1.0
Person_550,5.0,5.0,5.0,5.0,4.0,3.0,5.0,5.0
Person_551,3.0,2.0,2.0,3.0,0.0,1.0,1.0,2.0
Person_552,4.0,2.0,1.0,2.0,0.0,2.0,1.0,1.0
Person_553,4.0,2.0,2.0,3.0,2.0,2.0,2.0,2.0
Person_554,4.0,2.0,4.0,4.0,1.0,1.0,3.0,2.0
Person_555,2.0,2.0,2.0,2.0,0.0,0.0,2.0,3.0
Person_556,3.0,4.0,3.0,4.0,2.0,2.0,3.0,3.0
Person_557,5.0,4.0,5.0,4.0,3.0,2.0,2.0,4.0
Person_558,3.0,3.0,2.0,4.0,2.0,2.0,2.0,3.0
Person_559,4.0,4.0,5.0,5.0,3.0,1.0,4.0,4.0
Person_560,4.0,5.0,2.0,4.0,2.0,1.0,2.0,3.0
Person_561,3.0,2.0,3.0,2.0,2.0,2.0,2.0,4.0
Person_562,4.0,3.0,4.0,2.0,2.0,1.0,2.0,2.0
Person_563,4.0,4.0,3.0,2.0,3.0,2.0,2.0,1.0
Person_564,2.0,2.0,5.0,2.0,1.0,1.0,3.0,2.0
Person_565,1.0,3.0,3.0,2.0,2.0,0.0,3.0,2.0
Person_566,4.0,5.0,4.0,5.0,2.0,2.0,4.0,2.0
Person_567,2.0,2.0,3.0,2.0,2.0,2.0,2.0,3.0
Person_568,2.0,1.0,2.0,1.0,1.0,0.0,1.0,2.0
Person_569,3.0,4.0,3.0,4.0,2.0,1.0,3.0,4.0
Person_570,2.0,2.0,1.0,5.0,1.0,1.0,2.0,2.0
Person_571,3.0,3.0,2.0,4.0,1.0,2.0,1.0,2.0
Person_572,4.0,4.0,5.0,5.0,4.0,2.0,3.0,4.0
Person_573,3.0,0.0,4.0,4.0,1.0,1.0,1.0,4.0
Person_574,2.0,2.0,2.0,3.0,0.0,2.0,2.0,0.0
Person_575,4.0,5.0,5.0,2.0,1.0,2.0,2.0,5.0
Person_576,5.0,3.0,5.0,3.0,3.0,3.0,2.0,2.0
Person_577,3.0,3.0,5.0,3.0,2.0,2.0,3.0,3.0
Person_578,2.0,2.0,5.0,4.0,2.0,2.0,2.0,4.0
Person_579,3.0,3.0,5.0,3.0,2.0,2.0,2.0,3.0
Person_580,5.0,5.0,3.0,5.0,2.0,2.0,2.0,3.0
Person_581,1.0,2.0,2.0,2.0,2.0,0.0,0.0,1.0
Person_582,2.0,2.0,4.0,4.0,3.0,2.0,3.0,4.0
Person_583,2.0,3.0,4.0,2.0,1.0,2.0,2.0,3.0
Person_584,2.0,1.0,2.0,2.0,2.0,1.0,1.0,2.0
Person_585,2.0,2.0,2.0,2.0,1.0,1.0,1.0,1.0
Person_586,5.0,5.0,5.0,5.0,3.0,2.0,5.0,5.0
Person_587,4.0,2.0,4.0,5.0,2.0,2.0,2.0,2.0
Person_588,2.0,1.0,3.0,1.0,0.0,0.0,1.0,2.0
Person_589,3.0,4.0,5.0,5.0,2.0,2.0,2.0,4.0
Person_590,5.0,5.0,5.0,5.0,4.0,4.0,4.0,4.0
Person_591,3.0,3.0,3.0,2.0,1.0,0.0,2.0,1.0
Person_592,0.0,1.0,2.0,0.0,2.0,0.0,0.0,2.0
Person_593,3.0,2.0,4.0,4.0,1.0,2.0,2.0,3.0
Person_594,1.0,2.0,2.0,3.0,0.0,0.0,2.0,2.0
Person_595,3.0,2.0,3.0,4.0,2.0,3.0,2.0,2.0
Person_596,0.0,2.0,3.0,2.0,2.0,1.0,1.0,3.0
Person_597,2.0,1.0,2.0,3.0,0.0,1.0,0.0,0.0
Person_598,4.0,5.0,4.0,5.0,3.0,2.0,2.0,3.0
Person_599,2.0,2.0,2.0,3.0,0.0,1.0,2.0,2.0
Person_600,4.0,4.0,5.0,4.0,3.0,2.0,4.0,4.0
Person_601,1.0,1.0,1.0,1.0,0.0,0.0,0.0,0.0
Person_602,5.0,4.0,5.0,4.0,2.0,2.0,4.0,5.0
Person_603,2.0,2.0,0.0,2.0,0.0,2.0,0.0,1.0
Person_604,2.0,2.0,4.0,4.0,1.0,1.0,2.0,3.0
Person_605,4.0,3.0,5.0,5.0,2.0,3.0,2.0,3.0
Person_606,1.0,0.0,2.0,2.0,0.0,1.0,2.0,2.0
Person_607,0.0,2.0,2.0,2.0,1.0,0.0,0.0,0.0
Person_608,5.0,3.0,5.0,5.0,3.0,2.0,3.0,2.0
Person_609,2.0,3.0,4.0,3.0,1.0,2.0,2.0,3.0
Person_610,5.0,4.0,5.0,3.0,2.0,2.0,2.0,3.0
Person_611,2.0,3.0,4.0,2.0,0.0,0.0,1.0,3.0
Person_612,2.0,4.0,4.0,4.0,1.0,2.0,4.0,2.0
Person_613,2.0,1.0,2.0,0.0,1.0,1.0,1.0,2.0
Person_614,5.0,4.0,4.0,4.0,2.0,2.0,5.0,4.0
Person_615,3.0,2.0,2.0,3.0,1.0,2.0,2.0,1.0
Person_616,1.0,1.0,3.0,4.0,1.0,0.0,2.0,1.0
Person_617,3.0,5.0,3.0,3.0,1.0,2.0,2.0,2.0
Person_618,2.0,5.0,4.0,4.0,1.0,2.0,2.0,4.0
Person_619,4.0,4.0,5.0,5.0,2.0,1.0,5.0,5.0
Person_620,5.0,5.0,5.0,5.0,2.0,4.0,2.0,4.0
Person_621,5.0,4.0,5.0,5.0,4.0,3.0,4.0,5.0
Person_622,5.0,5.0,5.0,5.0,4.0,3.0,4.0,5.0
Person_623,3.0,2.0,3.0,2.0,0.0,2.0,0.0,2.0
Person_624,2.0,1.0,2.0,2.0,0.0,2.0,0.0,2.0
Person_625,3.0,2.0,3.0,3.0,2.0,1.0,3.0,2.0
Person_626,0.0,2.0,1.0,2.0,1.0,1.0,0.0,2.0
Person_627,5.0,3.0,4.0,5.0,2.0,2.0,2.0,3.0
Person_628,3.0,2.0,3.0,5.0,0.0,2.0,4.0,3.0
Person_629,3.0,3.0,5.0,4.0,1.0,2.0,2.0,3.0
Person_630,4.0,2.0,5.0,4.0,2.0,1.0,2.0,2.0
Person_631,1.0,2.0,3.0,1.0,2.0,2.0,2.0,1.0
Person_632,5.0,5.0,4.0,5.0,3.0,2.0,4.0,4.0
Person_633,3.0,3.0,3.0,4.0,3.0,1.0,2.0,4.0
Person_634,2.0,2.0,3.0,3.0,0.0,0.0,2.0,2.0
Person_635,5.0,5.0,4.0,5.0,2.0,3.0,2.0,5.0
Person_636,2.0,4.0,5.0,2.0,2.0,2.0,2.0,2.0
Person_637,2.0,3.0,2.0,4.0,0.0,1.0,1.0,1.0
Person_638,2.0,1.0,3.0,2.0,0.0,3.0,0.0,3.0
Person_639,4.0,4.0,5.0,5.0,3.0,4.0,5.0,5.0
Person_640,3.0,4.0,5.0,5.0,2.0,2.0,4.0,4.0
Person_641,3.0,3.0,5.0,5.0,1.0,2.0,2.0,4.0
Person_642,2.0,2.0,1.0,2.0,1.0,0.0,0.0,2.0
Person_643,3.0,4.0,4.0,2.0,2.0,2.0,3.0,5.0
Person_644,2.0,1.0,4.0,2.0,1.0,0.0,2.0,1.0
Person_645,2.0,2.0,2.0,2.0,0.0,1.0,1.0,2.0
Person_646,2.0,3.0,2.0,2.0,0.0,0.0,2.0,2.0
Person_647,2.0,2.0,3.0,2.0,3.0,1.0,2.0,2.0
Person_648,2.0,2.0,3.0,2.0,1.0,0.0,1.0,2.0
Person_649,4.0,4.0,4.0,4.0,2.0,1.0,3.0,2.0
Person_650,3.0,4.0,4.0,4.0,2.0,1.0,1.0,3.0
Person_651,4.0,4.0,4.0,3.0,1.0,2.0,4.0,5.0
Person_652,0.0,2.0,1.0,1.0,0.0,0.0,0.0,1.0
Person_653,3.0,3.0,4.0,4.0,1.0,0.0,1.0,4.0
Person_654,3.0,2.0,4.0,2.0,1.0,1.0,2.0,2.0
Person_655,2.0,2.0,4.0,4.0,0.0,2.0,1.0,2.0
Person_656,3.0,4.0,5.0,4.0,2.0,4.0,5.0,5.0
Person_657,2.0,2.0,2.0,1.0,2.0,0.0,0.0,1.0
Person_658,1.0,3.0,4.0,4.0,2.0,0.0,2.0,3.0
Person_659,2.0,2.0,3.0,4.0,1.0,2.0,4.0,2.0
Person_660,2.0,2.0,2.0,2.0,0.0,0.0,1.0,1.0
Person_661,2.0,2.0,1.0,4.0,2.0,0.0,2.0,1.0
Person_662,3.0,3.0,4.0,4.0,1.0,1.0,3.0,4.0
Person_663,2.0,2.0,2.0,3.0,0.0,1.0,1.0,3.0
Person_664,2.0,1.0,4.0,3.0,2.0,1.0,3.0,1.0
Person_665,4.0,3.0,5.0,5.0,2.0,3.0,3.0,3.0
Person_666,3.0,4.0,3.0,4.0,2.0,2.0,2.0,2.0
Person_667,4.0,4.0,5.0,4.0,1.0,3.0,2.0,5.0
Person_668,3.0,3.0,2.0,2.0,1.0,1.0,3.0,4.0
Person_669,1.0,2.0,3.0,2.0,2.0,0.0,0.0,2.0
Person_670,3.0,4.0,2.0,5.0,1.0,2.0,1.0,2.0
Person_671,1.0,0.0,2.0,1.0,0.0,0.0,0.0,2.0
Person_672,2.0,4.0,3.0,4.0,2.0,1.0,2.0,2.0
Person_673,2.0,2.0,3.0,2.0,1.0,0.0,3.0,2.0
Person_674,2.0,1.0,2.0,2.0,0.0,0.0,1.0,2.0
Person_675,4.0,5.0,4.0,4.0,2.0,2.0,3.0,5.0
Person_676,2.0,2.0,2.0,2.0,1.0,0.0,2.0,1.0
Person_677,2.0,4.0,3.0,1.0,2.0,1.0,0.0,4.0
Person_678,2.0,2.0,3.0,3.0,1.0,2.0,2.0,4.0
Person_679,0.0,2.0,1.0,2.0,1.0,0.0,0.0,1.0
Person_680,5.0,1.0,4.0,4.0,0.0,1.0,2.0,2.0
Person_681,3.0,2.0,2.0,1.0,0.0,0.0,0.0,1.0
Person_682,1.0,0.0,2.0,2.0,0.0,0.0,1.0,2.0
Person_683,2.0,2.0,3.0,2.0,1.0,1.0,1.0,3.0
Person_684,3.0,2.0,4.0,4.0,2.0,1.0,2.0,2.0
Person_685,1.0,2.0,3.0,4.0,1.0,1.0,0.0,2.0
Person_686,2.0,3.0,4.0,1.0,1.0,1.0,2.0,2.0
Person_687,1.0,2.0,2.0,2.0,0.0,1.0,0.0,2.0
Person_688,2.0,4.0,5.0,4.0,2.0,1.0,0.0,4.0
Person_689,0.0,3.0,2.0,2.0,0.0,1.0,1.0,5.0
Person_690,4.0,4.0,2.0,5.0,2.0,2.0,4.0,4.0
Person_691,2.0,1.0,2.0,2.0,1.0,0.0,1.0,2.0
Person_692,4.0,4.0,5.0,5.0,5.0,2.0,4.0,4.0
Person_693,2.0,2.0,2.0,2.0,2.0,0.0,2.0,2.0
Person_694,5.0,3.0,5.0,4.0,4.0,3.0,5.0,3.0
Person_695,1.0,0.0,2.0,2.0,0.0,0.0,0.0,2.0
Person_696,5.0,5.0,4.0,3.0,2.0,1.0,2.0,4.0
Person_697,2.0,3.0,4.0,2.0,1.0,2.0,2.0,2.0
Person_698,5.0,2.0,3.0,3.0,1.0,0.0,2.0,2.0
Person_699,5.0,5.0,5.0,5.0,2.0,2.0,2.0,3.0
Person_700,2.0,4.0,4.0,2.0,2.0,1.0,2.0,2.0
Person_701,2.0,1.0,4.0,2.0,2.0,1.0,3.0,3.0
Person_702,4.0,2.0,2.0,2.0,2.0,1.0,1.0,3.0
Person_703,4.0,4.0,4.0,4.0,1.0,2.0,2.0,2.0
Person_704,4.0,4.0,4.0,4.0,2.0,2.0,2.0,2.0
Person_705,4.0,2.0,4.0,3.0,3.0,3.0,3.0,3.0
Person_706,2.0,2.0,4.0,3.0,1.0,2.0,2.0,2.0
Person_707,2.0,2.0,2.0,2.0,1.0,0.0,1.0,1.0
Person_708,4.0,2.0,3.0,3.0,1.0,2.0,2.0,5.0
Person_709,2.0,1.0,2.0,2.0,1.0,1.0,2.0,2.0
Person_710,2.0,2.0,5.0,3.0,0.0,1.0,1.0,2.0
Person_711,3.0,2.0,2.0,2.0,2.0,1.0,0.0,0.0
Person_712,3.0,3.0,4.0,2.0,2.0,2.0,2.0,4.0
Person_713,2.0,2.0,3.0,2.0,0.0,0.0,3.0,1.0
Person_714,2.0,2.0,4.0,3.0,1.0,1.0,1.0,2.0
Person_715,4.0,3.0,5.0,4.0,2.0,2.0,2.0,4.0
Person_716,4.0,0.0,4.0,3.0,2.0,0.0,2.0,2.0
Person_717,2.0,2.0,2.0,1.0,1.0,1.0,0.0,2.0
Person_718,1.0,2.0,3.0,2.0,0.0,0.0,2.0,1.0
Person_719,4.0,2.0,3.0,4.0,1.0,2.0,2.0,2.0
Person_720,1.0,4.0,5.0,2.0,1.0,0.0,2.0,2.0
Person_721,1.0,0.0,1.0,1.0,1.0,0.0,1.0,2.0
Person_722,3.0,2.0,2.0,3.0,0.0,2.0,1.0,5.0
Person_723,4.0,4.0,2.0,4.0,2.0,1.0,3.0,5.0
Person_724,2.0,2.0,3.0,4.0,2.0,1.0,2.0,3.0
Person_725,2.0,2.0,1.0,2.0,2.0,0.0,2.0,2.0
Person_726,2.0,2.0,2.0,2.0,1.0,0.0,2.0,2.0
Person_727,2.0,3.0,3.0,2.0,0.0,1.0,2.0,2.0
Person_728,1.0,2.0,1.0,1.0,0.0,0.0,1.0,1.0
Person_729,4.0,4.0,5.0,3.0,5.0,4.0,3.0,4.0
Person_730,3.0,2.0,2.0,3.0,2.0,0.0,2.0,1.0
Person_731,4.0,4.0,5.0,3.0,2.0,1.0,4.0,4.0
Person_732,5.0,5.0,5.0,4.0,5.0,3.0,4.0,4.0
Person_733,4.0,5.0,5.0,5.0,4.0,5.0,4.0,4.0
Person_734,1.0,2.0,4.0,2.0,0.0,0.0,1.0,2.0
Person_735,2.0,3.0,4.0,4.0,1.0,2.0,2.0,3.0
Person_736,0.0,2.0,3.0,3.0,3.0,2.0,2.0,3.0
Person_737,2.0,2.0,2.0,3.0,0.0,0.0,2.0,2.0
Person_738,2.0,1.0,2.0,2.0,1.0,0.0,2.0,2.0
Person_739,2.0,0.0,1.0,1.0,2.0,1.0,2.0,2.0
Person_740,5.0,5.0,5.0,4.0,3.0,2.0,2.0,5.0
Person_741,0.0,1.0,2.0,2.0,0.0,1.0,1.0,2.0
Person_742,4.0,5.0,5.0,5.0,2.0,2.0,2.0,4.0
Person_743,4.0,3.0,5.0,4.0,3.0,2.0,3.0,2.0
Person_744,2.0,2.0,2.0,4.0,0.0,2.0,2.0,3.0
Person_745,2.0,2.0,2.0,2.0,1.0,0.0,1.0,2.0
Person_746,5.0,2.0,5.0,4.0,2.0,2.0,2.0,4.0
Person_747,5.0,4.0,4.0,5.0,4.0,1.0,2.0,3.0
Person_748,2.0,2.0,3.0,1.0,0.0,2.0,1.0,2.0
Person_749,2.0,2.0,3.0,2.0,1.0,0.0,0.0,2.0
Person_750,5.0,3.0,5.0,5.0,3.0,3.0,3.0,4.0
Person_751,3.0,2.0,3.0,3.0,2.0,2.0,2.0,2.0
Person_752,4.0,3.0,2.0,5.0,3.0,3.0,2.0,2.0
Person_753,4.0,2.0,5.0,5.0,2.0,2.0,2.0,2.0
Person_754,1.0,0.0,1.0,0.0,0.0,0.0,0.0,1.0
Person_755,4.0,4.0,4.0,4.0,2.0,3.0,3.0,2.0
Person_756,2.0,1.0,2.0,2.0,1.0,0.0,1.0,2.0
Person_757,4.0,4.0,5.0,5.0,2.0,2.0,2.0,4.0
Person_758,2.0,3.0,3.0,4.0,1.0,2.0,1.0,3.0
Person_759,1.0,1.0,2.0,2.0,2.0,0.0,2.0,2.0
Person_760,5.0,2.0,5.0,5.0,2.0,2.0,2.0,4.0
Person_761,1.0,1.0,2.0,4.0,0.0,1.0,1.0,2.0
Person_762,2.0,4.0,2.0,3.0,2.0,1.0,3.0,3.0
Person_763,4.0,3.0,5.0,4.0,3.0,1.0,4.0,5.0
Person_764,2.0,3.0,3.0,2.0,1.0,2.0,1.0,2.0
Person_765,3.0,1.0,2.0,2.0,1.0,2.0,1.0,1.0
Person_766,5.0,5.0,5.0,5.0,2.0,2.0,2.0,5.0
Person_767,3.0,1.0,4.0,5.0,1.0,2.0,1.0,4.0
Person_768,3.0,1.0,3.0,2.0,0.0,0.0,2.0,0.0
Person_769,4.0,5.0,5.0,5.0,2.0,3.0,2.0,4.0
Person_770,3.0,4.0,4.0,3.0,1.0,1.0,3.0,2.0
Person_771,2.0,2.0,2.0,2.0,0.0,0.0,1.0,1.0
Person_772,3.0,2.0,2.0,4.0,0.0,1.0,1.0,1.0
Person_773,4.0,4.0,5.0,4.0,3.0,2.0,2.0,3.0
Person_774,1.0,2.0,4.0,2.0,1.0,2.0,1.0,2.0
Person_775,3.0,2.0,4.0,3.0,1.0,1.0,1.0,2.0
Person_776,0.0,2.0,2.0,2.0,0.0,0.0,0.0,0.0
Person_777,4.0,2.0,3.0,5.0,1.0,2.0,2.0,5.0
Person_778,2.0,3.0,2.0,1.0,0.0,0.0,2.0,1.0
Person_779,0.0,0.0,0.0,2.0,0.0,0.0,1.0,1.0
Person_780,2.0,3.0,4.0,3.0,2.0,0.0,2.0,2.0
Person_781,2.0,1.0,3.0,3.0,0.0,1.0,0.0,2.0
Person_782,4.0,4.0,5.0,5.0,2.0,2.0,3.0,5.0
Person_783,1.0,2.0,2.0,2.0,0.0,1.0,0.0,2.0
Person_784,2.0,4.0,4.0,2.0,2.0,1.0,2.0,2.0
Person_785,5.0,5.0,5.0,5.0,2.0,3.0,5.0,5.0
Person_786,4.0,5.0,4.0,3.0,2.0,2.0,1.0,4.0
Person_787,4.0,3.0,2.0,3.0,1.0,3.0,2.0,2.0
Person_788,2.0,4.0,4.0,4.0,2.0,2.0,3.0,2.0
Person_789,2.0,0.0,1.0,4.0,0.0,0.0,0.0,2.0
Person_790,2.0,3.0,4.0,3.0,1.0,1.0,2.0,2.0
Person_791,3.0,3.0,2.0,2.0,1.0,1.0,0.0,2.0
Person_792,4.0,4.0,4.0,4.0,2.0,3.0,2.0,3.0
Person_793,4.0,3.0,5.0,4.0,2.0,2.0,2.0,4.0
Person_794,5.0,4.0,5.0,5.0,3.0,3.0,5.0,5.0
Person_795,0.0,2.0,1.0,1.0,0.0,0.0,1.0,0.0
Person_796,5.0,5.0,4.0,5.0,2.0,2.0,1.0,4.0
Person_797,1.0,2.0,3.0,2.0,1.0,0.0,1.0,3.0
Person_798,2.0,2.0,4.0,5.0,2.0,1.0,2.0,2.0
Person_799,0.0,0.0,1.0,0.0,0.0,0.0,0.0,1.0
Person_800,0.0,3.0,3.0,4.0,2.0,1.0,2.0,2.0
Person_801,2.0,3.0,4.0,3.0,1.0,0.0,2.0,2.0
Person_802,2.0,2.0,2.0,3.0,0.0,3.0,0.0,2.0
Person_803,5.0,4.0,5.0,4.0,3.0,1.0,3.0,4.0
Person_804,5.0,5.0,5.0,4.0,1.0,2.0,2.0,5.0
Person_805,3.0,2.0,4.0,2.0,3.0,2.0,2.0,3.0
Person_806,3.0,2.0,2.0,2.0,2.0,0.0,2.0,4.0
Person_807,3.0,3.0,2.0,1.0,1.0,1.0,2.0,2.0
Person_808,1.0,0.0,1.0,0.0,0.0,0.0,0.0,0.0
Person_809,1.0,3.0,2.0,2.0,1.0,2.0,2.0,1.0
Person_810,2.0,1.0,1.0,1.0,0.0,0.0,1.0,1.0
Person_811,0.0,1.0,2.0,1.0,0.0,1.0,0.0,2.0
Person_812,5.0,4.0,5.0,5.0,5.0,2.0,2.0,4.0
Person_813,2.0,4.0,4.0,3.0,2.0,1.0,1.0,2.0
Person_814,0.0,0.0,0.0,0.0,0.0,0.0,0.0,0.0
Person_815,4.0,4.0,4.0,5.0,1.0,4.0,2.0,5.0
Person_816,1.0,2.0,3.0,2.0,0.0,0.0,3.0,2.0
Person_817,1.0,1.0,1.0,3.0,0.0,2.0,2.0,2.0
Person_818,3.0,3.0,4.0,2.0,1.0,1.0,2.0,3.0
Person_819,0.0,0.0,0.0,2.0,0.0,0.0,0.0,1.0
Person_820,1.0,2.0,2.0,2.0,0.0,0.0,1.0,2.0
Person_821,1.0,0.0,1.0,1.0,1.0,0.0,2.0,1.0
Person_822,2.0,0.0,0.0,1.0,0.0,0.0,0.0,0.0
Person_823,2.0,2.0,2.0,1.0,1.0,1.0,0.0,3.0
Person_824,2.0,2.0,4.0,3.0,2.0,2.0,1.0,2.0
Person_825,4.0,5.0,5.0,5.0,3.0,1.0,3.0,3.0
Person_826,2.0,2.0,2.0,2.0,0.0,0.0,0.0,2.0
Person_827,2.0,3.0,4.0,2.0,1.0,1.0,1.0,2.0
Person_828,5.0,4.0,2.0,3.0,1.0,1.0,1.0,4.0
Person_829,5.0,2.0,4.0,2.0,2.0,2.0,4.0,2.0
Person_830,4.0,2.0,4.0,5.0,2.0,2.0,1.0,3.0
Person_831,3.0,3.0,4.0,4.0,2.0,1.0,3.0,4.0
Person_832,1.0,2.0,2.0,4.0,0.0,0.0,1.0,2.0
Person_833,2.0,3.0,1.0,3.0,2.0,2.0,2.0,2.0
Person_834,4.0,2.0,2.0,2.0,1.0,1.0,4.0,2.0
Person_835,2.0,2.0,2.0,2.0,1.0,0.0,2.0,1.0
Person_836,4.0,3.0,5.0,5.0,1.0,2.0,3.0,4.0
Person_837,5.0,4.0,5.0,5.0,2.0,2.0,4.0,4.0
Person_838,1.0,2.0,2.0,1.0,1.0,0.0,0.0,2.0
Person_839,5.0,5.0,4.0,5.0,3.0,3.0,4.0,5.0
Person_840,4.0,5.0,4.0,4.0,2.0,3.0,2.0,5.0
Person_841,2.0,3.0,2.0,5.0,0.0,0.0,1.0,2.0
Person_842,4.0,3.0,4.0,4.0,2.0,2.0,2.0,2.0
Person_843,3.0,2.0,4.0,2.0,2.0,2.0,2.0,2.0
Person_844,5.0,2.0,4.0,3.0,2.0,2.0,2.0,2.0
Person_845,4.0,5.0,5.0,5.0,2.0,5.0,4.0,4.0
Person_846,2.0,2.0,4.0,4.0,0.0,2.0,1.0,3.0
Person_847,4.0,1.0,3.0,3.0,1.0,0.0,2.0,2.0
Person_848,3.0,4.0,4.0,5.0,4.0,3.0,4.0,3.0
Person_849,4.0,2.0,5.0,4.0,2.0,1.0,2.0,3.0
Person_850,3.0,1.0,4.0,3.0,2.0,3.0,3.0,3.0
Person_851,4.0,5.0,5.0,5.0,2.0,2.0,4.0,5.0
Person_852,3.0,3.0,4.0,1.0,0.0,1.0,2.0,2.0
Person_853,3.0,4.0,4.0,5.0,2.0,2.0,3.0,2.0
Person_854,5.0,5.0,5.0,3.0,4.0,2.0,3.0,3.0
Person_855,3.0,2.0,2.0,4.0,1.0,1.0,2.0,1.0
Person_856,5.0,5.0,5.0,5.0,3.0,3.0,4.0,5.0
Person_857,5.0,2.0,4.0,4.0,3.0,2.0,2.0,4.0
Person_858,0.0,0.0,0.0,2.0,0.0,0.0,1.0,1.0
Person_859,4.0,4.0,5.0,4.0,4.0,2.0,3.0,5.0
Person_860,4.0,2.0,2.0,1.0,1.0,3.0,2.0,3.0
Person_861,2.0,2.0,2.0,4.0,0.0,2.0,2.0,5.0
Person_862,4.0,4.0,4.0,2.0,4.0,3.0,2.0,1.0
Person_863,5.0,4.0,5.0,5.0,2.0,2.0,4.0,4.0
Person_864,2.0,0.0,1.0,1.0,0.0,0.0,1.0,2.0
Person_865,3.0,2.0,3.0,5.0,1.0,1.0,2.0,4.0
Person_866,2.0,1.0,3.0,4.0,2.0,2.0,3.0,4.0
Person_867,3.0,3.0,5.0,2.0,2.0,2.0,2.0,2.0
Person_868,5.0,5.0,5.0,5.0,3.0,4.0,5.0,5.0
Person_869,5.0,5.0,5.0,4.0,2.0,2.0,5.0,5.0
Person_870,3.0,1.0,2.0,2.0,0.0,1.0,0.0,1.0
Person_871,3.0,5.0,2.0,4.0,5.0,4.0,3.0,4.0
Person_872,4.0,3.0,4.0,3.0,1.0,2.0,1.0,2.0
Person_873,5.0,2.0,4.0,3.0,4.0,3.0,5.0,4.0
Person_874,2.0,2.0,1.0,3.0,0.0,1.0,1.0,3.0
Person_875,1.0,1.0,2.0,2.0,0.0,0.0,1.0,0.0
Person_876,4.0,2.0,4.0,3.0,2.0,1.0,2.0,3.0
Person_877,4.0,4.0,4.0,5.0,3.0,3.0,3.0,5.0
Person_878,2.0,3.0,4.0,4.0,2.0,2.0,3.0,2.0
Person_879,5.0,5.0,4.0,5.0,2.0,3.0,2.0,5.0
Person_880,4.0,3.0,5.0,4.0,4.0,3.0,3.0,5.0
Person_881,4.0,2.0,3.0,4.0,1.0,2.0,2.0,1.0
Person_882,5.0,5.0,5.0,5.0,4.0,5.0,5.0,4.0
Person_883,2.0,2.0,2.0,3.0,0.0,0.0,0.0,3.0
Person_884,2.0,4.0,3.0,4.0,1.0,0.0,2.0,2.0
Person_885,4.0,5.0,4.0,5.0,3.0,3.0,4.0,2.0
Person_886,4.0,4.0,4.0,4.0,0.0,1.0,2.0,2.0
Person_887,2.0,0.0,0.0,2.0,0.0,0.0,0.0,0.0
Person_888,5.0,3.0,3.0,4.0,1.0,1.0,2.0,4.0
Person_889,4.0,4.0,3.0,3.0,2.0,2.0,1.0,2.0
Person_890,1.0,2.0,2.0,2.0,0.0,0.0,0.0,2.0
Person_891,1.0,2.0,2.0,3.0,1.0,1.0,0.0,2.0
Person_892,2.0,2.0,2.0,2.0,0.0,0.0,0.0,1.0
Person_893,2.0,2.0,3.0,3.0,1.0,1.0,1.0,1.0
Person_894,1.0,2.0,5.0,2.0,2.0,1.0,1.0,3.0
Person_895,3.0,2.0,2.0,1.0,1.0,0.0,1.0,2.0
Person_896,4.0,5.0,5.0,5.0,4.0,4.0,4.0,5.0
Person_897,1.0,3.0,2.0,2.0,1.0,0.0,2.0,3.0
Person_898,4.0,2.0,4.0,2.0,2.0,2.0,1.0,4.0
Person_899,2.0,3.0,3.0,2.0,1.0,0.0,2.0,1.0
Person_900,2.0,1.0,3.0,2.0,1.0,1.0,1.0,2.0
Person_901,1.0,1.0,1.0,0.0,0.0,1.0,0.0,2.0
Person_902,2.0,2.0,2.0,3.0,0.0,1.0,1.0,1.0
Person_903,4.0,3.0,4.0,5.0,2.0,3.0,1.0,3.0
Person_904,2.0,3.0,2.0,2.0,0.0,0.0,1.0,2.0
Person_905,3.0,1.0,4.0,3.0,1.0,1.0,1.0,2.0
Person_906,2.0,1.0,3.0,1.0,1.0,1.0,2.0,2.0
Person_907,5.0,5.0,3.0,5.0,2.0,3.0,5.0,4.0
Person_908,4.0,4.0,4.0,2.0,2.0,1.0,1.0,3.0
Person_909,2.0,3.0,3.0,4.0,1.0,0.0,2.0,2.0
Person_910,2.0,4.0,4.0,3.0,2.0,0.0,3.0,2.0
Person_911,4.0,5.0,5.0,4.0,3.0,2.0,4.0,5.0
Person_912,5.0,4.0,5.0,4.0,3.0,2.0,3.0,4.0
Person_913,2.0,1.0,2.0,2.0,2.0,1.0,1.0,2.0
Person_914,2.0,2.0,3.0,2.0,2.0,1.0,2.0,1.0
Person_915,2.0,2.0,0.0,1.0,0.0,0.0,1.0,0.0
Person_916,2.0,3.0,4.0,3.0,2.0,1.0,2.0,4.0
Person_917,3.0,2.0,5.0,4.0,2.0,1.0,1.0,3.0
Person_918,4.0,4.0,4.0,5.0,2.0,3.0,2.0,3.0
Person_919,2.0,1.0,2.0,3.0,1.0,0.0,2.0,2.0
Person_920,5.0,4.0,4.0,5.0,1.0,2.0,2.0,4.0
Person_921,4.0,5.0,5.0,5.0,2.0,2.0,4.0,4.0
Person_922,4.0,3.0,4.0,5.0,4.0,2.0,4.0,5.0
Person_923,1.0,2.0,2.0,3.0,1.0,0.0,0.0,2.0
Person_924,2.0,2.0,4.0,2.0,1.0,1.0,2.0,1.0
Person_925,4.0,2.0,4.0,5.0,2.0,2.0,2.0,5.0
Person_926,5.0,4.0,4.0,4.0,2.0,2.0,3.0,5.0
Person_927,4.0,3.0,3.0,5.0,2.0,1.0,1.0,1.0
Person_928,2.0,3.0,3.0,3.0,0.0,2.0,2.0,2.0
Person_929,4.0,4.0,5.0,5.0,2.0,2.0,3.0,3.0
Person_930,2.0,3.0,4.0,2.0,1.0,2.0,0.0,1.0
Person_931,3.0,4.0,4.0,2.0,0.0,2.0,2.0,3.0
Person_932,4.0,4.0,3.0,5.0,2.0,2.0,3.0,4.0
Person_933,5.0,4.0,5.0,4.0,2.0,4.0,2.0,4.0
Person_934,2.0,2.0,4.0,2.0,1.0,1.0,1.0,2.0
Person_935,2.0,2.0,4.0,2.0,1.0,1.0,2.0,2.0
Person_936,4.0,3.0,4.0,5.0,2.0,2.0,2.0,3.0
Person_937,2.0,3.0,2.0,2.0,1.0,1.0,2.0,2.0
Person_938,0.0,1.0,2.0,2.0,0.0,0.0,1.0,0.0
Person_939,2.0,2.0,3.0,2.0,2.0,2.0,2.0,2.0
Person_940,2.0,2.0,2.0,4.0,2.0,1.0,2.0,1.0
Person_941,5.0,5.0,5.0,5.0,5.0,3.0,5.0,4.0
Person_942,2.0,2.0,4.0,3.0,1.0,1.0,1.0,3.0
Person_943,5.0,5.0,5.0,5.0,5.0,4.0,5.0,5.0
Person_944,1.0,2.0,2.0,2.0,1.0,0.0,0.0,2.0
Person_945,5.0,4.0,4.0,4.0,4.0,2.0,2.0,3.0
Person_946,4.0,5.0,5.0,5.0,2.0,3.0,4.0,4.0
Person_947,0.0,1.0,2.0,0.0,0.0,0.0,1.0,1.0
Person_948,1.0,2.0,2.0,1.0,0.0,0.0,1.0,1.0
Person_949,2.0,2.0,2.0,2.0,0.0,0.0,1.0,2.0
Person_950,4.0,3.0,2.0,3.0,1.0,2.0,2.0,2.0
Person_951,2.0,2.0,2.0,2.0,0.0,2.0,2.0,2.0
Person_952,1.0,2.0,0.0,3.0,0.0,0.0,1.0,1.0
Person_953,0.0,1.0,0.0,2.0,1.0,1.0,0.0,3.0
Person_954,1.0,0.0,1.0,1.0,0.0,0.0,0.0,0.0
Person_955,2.0,1.0,2.0,4.0,2.0,0.0,0.0,4.0
Person_956,5.0,5.0,5.0,5.0,2.0,5.0,4.0,4.0
Person_957,2.0,5.0,4.0,4.0,1.0,2.0,2.0,4.0
Person_958,2.0,3.0,4.0,2.0,2.0,1.0,2.0,2.0
Person_959,4.0,3.0,4.0,4.0,0.0,2.0,2.0,0.0
Person_960,5.0,5.0,5.0,4.0,4.0,3.0,5.0,4.0
Person_961,1.0,1.0,3.0,2.0,1.0,2.0,1.0,1.0
Person_962,2.0,2.0,2.0,2.0,0.0,2.0,2.0,2.0
Person_963,2.0,2.0,2.0,3.0,1.0,0.0,1.0,2.0
Person_964,5.0,3.0,4.0,4.0,3.0,2.0,2.0,4.0
Person_965,4.0,1.0,3.0,2.0,2.0,2.0,2.0,2.0
Person_966,3.0,4.0,3.0,4.0,0.0,2.0,2.0,4.0
Person_967,3.0,2.0,3.0,4.0,3.0,1.0,2.0,2.0
Person_968,3.0,3.0,3.0,2.0,1.0,2.0,2.0,3.0
Person_969,4.0,3.0,3.0,4.0,2.0,2.0,3.0,2.0
Person_970,5.0,2.0,4.0,5.0,3.0,1.0,2.0,3.0
Person_971,2.0,3.0,3.0,2.0,1.0,1.0,2.0,2.0
Person_972,5.0,4.0,5.0,3.0,2.0,2.0,3.0,2.0
Person_973,5.0,3.0,4.0,5.0,4.0,2.0,3.0,5.0
Person_974,3.0,5.0,3.0,4.0,1.0,2.0,2.0,4.0
Person_975,4.0,2.0,5.0,2.0,2.0,0.0,2.0,3.0
Person_976,3.0,2.0,2.0,2.0,0.0,0.0,1.0,2.0
Person_977,4.0,5.0,5.0,4.0,4.0,1.0,5.0,4.0
Person_978,1.0,1.0,1.0,2.0,2.0,1.0,1.0,2.0
Person_979,5.0,3.0,5.0,3.0,3.0,1.0,3.0,5.0
Person_980,1.0,2.0,2.0,2.0,0.0,0.0,1.0,3.0
Person_981,3.0,3.0,4.0,2.0,2.0,1.0,3.0,4.0
Person_982,1.0,2.0,2.0,2.0,0.0,0.0,1.0,1.0
Person_983,2.0,2.0,1.0,2.0,0.0,2.0,2.0,1.0
Person_984,0.0,0.0,2.0,2.0,0.0,0.0,1.0,1.0
Person_985,2.0,3.0,4.0,3.0,2.0,1.0,3.0,1.0
Person_986,2.0,2.0,4.0,3.0,2.0,2.0,2.0,3.0
Person_987,4.0,4.0,5.0,5.0,1.0,2.0,4.0,3.0
Person_988,3.0,4.0,5.0,5.0,1.0,2.0,3.0,3.0
Person_989,2.0,1.0,2.0,5.0,0.0,0.0,0.0,2.0
Person_990,2.0,2.0,4.0,1.0,1.0,0.0,3.0,1.0
Person_991,2.0,1.0,2.0,1.0,0.0,1.0,0.0,0.0
Person_992,5.0,4.0,5.0,4.0,2.0,1.0,2.0,3.0
Person_993,2.0,1.0,2.0,3.0,2.0,2.0,2.0,1.0
Person_994,2.0,2.0,5.0,2.0,2.0,1.0,2.0,2.0
Person_995,2.0,1.0,2.0,2.0,1.0,0.0,0.0,2.0
Person_996,2.0,2.0,2.0,2.0,0.0,0.0,0.0,2.0
Person_997,4.0,4.0,5.0,4.0,3.0,3.0,4.0,5.0
Person_998,5.0,2.0,5.0,5.0,3.0,1.0,3.0,4.0
Person_999,2.0,4.0,4.0,3.0,2.0,0.0,0.0,3.0
Person_1000,5.0,2.0,4.0,3.0,2.0,2.0,1.0,2.0
